003504##3D Дед мороз#Форма 3D Дед мороз#Силиконовая 3D форма ручной работы. Вес мыла около 70 г. Эту форму можно взять в прокат в магазине Мыльная опера. Стоимость проката - 30 руб. в сутки. Изготовление формы под заказ в течение 3-4 рабочих дней.#Корень|Главная|Мыловарение|Формы|Формы 3D|3D Новый год#3d_ded_moroz.jpeg#1 шт#10#600.00
001619##3D Дед мороз с елочкой#Форма 3D Дед мороз с елочкой#Силиконовая 3D форма ручной работы. Вес мыла около 80 г. Эту форму можно взять в прокат в магазине Мыльная опера. Стоимость проката - 30 руб. в сутки. Изготовление формы под заказ в течение 3-4 рабочих дней.#Корень|Главная|Мыловарение|Формы|Формы 3D|3D Новый год#rent_nytreesanta.jpeg#1 шт#10#600.00
001625##3D Дед мороз с трубкой#Форма 3D Дед мороз с трубкой#Силиконовая 3D форма ручной работы. Вес мыла около 100 г. Эту форму можно взять в прокат в магазине Мыльная опера. Стоимость проката - 30 руб. в сутки. Изготовление формы под заказ в течение 3-4 рабочих дней.#Корень|Главная|Мыловарение|Формы|Формы 3D|3D Новый год#rent_trubkasanta.jpeg#1 шт#10#600.00
003505##3D Дед мороз с фонарем#Форма 3D Дед мороз с фонарем#Силиконовая 3D форма ручной работы. Вес мыла около 70 г. Эту форму можно взять в прокат в магазине Мыльная опера. Стоимость проката - 30 руб. в сутки. Изготовление формы под заказ в течение 3-4 рабочих дней.#Корень|Главная|Мыловарение|Формы|Формы 3D|3D Новый год#3d_ded_moroz_s_fonarem.jpeg#1 шт#10#600.00
001545##3D Елочка#Форма 3D Елочка#Силиконовая 3D форма ручной работы. Вес мыла около 100 г. Эту форму можно взять в прокат в магазине Мыльная опера. Стоимость проката - 30 руб. в сутки. Изготовление формы под заказ в течение 3-4 рабочих дней.#Корень|Главная|Мыловарение|Формы|Формы 3D|3D Новый год#rent_rent_newyeartree.jpeg#1 шт#10#600.00
001624##3D Колокольчик с Дедом морозом#Форма 3D Колокольчик с Дедом морозом#Силиконовая 3D форма ручной работы. Вес мыла около 100 г. Эту форму можно взять в прокат в магазине Мыльная опера. Стоимость проката - 30 руб. в сутки. Изготовление формы под заказ в течение 3-4 рабочих дней.#Корень|Главная|Мыловарение|Формы|Формы 3D|3D Новый год#rent_santabell.jpeg#1 шт#10#600.00
001623##3D Колокольчик со снеговиком#Форма 3D Колокольчик со снеговиком#Силиконовая 3D форма ручной работы. Вес мыла около 100 г. Эту форму можно взять в прокат в магазине Мыльная опера. Стоимость проката - 30 руб. в сутки. Изготовление формы под заказ в течение 3-4 рабочих дней.#Корень|Главная|Мыловарение|Формы|Формы 3D|3D Новый год#rent_snowmanbell2.jpeg#1 шт#10#600.00
001612##3D Мишка на подарке#Форма 3D Мишка на подарке#Силиконовая 3D форма ручной работы. Вес мыла около 100 г. Эту форму можно взять в прокат в магазине Мыльная опера. Стоимость проката - 30 руб. в сутки. Изготовление формы под заказ в течение 3-4 рабочих дней.#Корень|Главная|Мыловарение|Формы|Формы 3D|3D Новый год#rent_giftbear.jpeg#1 шт#10#800.00
001617##3D Новогодний горшочек#Форма 3D Новогодний горшочек#Силиконовая 3D форма ручной работы. Вес мыла около 70 г. Эту форму можно взять в прокат в магазине Мыльная опера. Стоимость проката - 30 руб. в сутки. Изготовление формы под заказ в течение 3-4 рабочих дней.#Корень|Главная|Мыловарение|Формы|Формы 3D|3D Новый год#rent_nypot.jpeg#1 шт#10#600.00
001616##3D Новогодний подарок#Форма 3D Новогодний подарок#Силиконовая 3D форма ручной работы. Вес мыла около 80 г. Эту форму можно взять в прокат в магазине Мыльная опера. Стоимость проката - 30 руб. в сутки. Изготовление формы под заказ в течение 3-4 рабочих дней.#Корень|Главная|Мыловарение|Формы|Формы 3D|3D Новый год#rent_nygift.jpeg#1 шт#10#600.00
001615##3D Новогодняя избушка#Форма 3D Новогодняя избушка#Силиконовая 3D форма ручной работы. Вес мыла около 70 г. Эту форму можно взять в прокат в магазине Мыльная опера. Стоимость проката - 30 руб. в сутки. Изготовление формы под заказ в течение 3-4 рабочих дней.#Корень|Главная|Мыловарение|Формы|Формы 3D|3D Новый год#rent_ny_house.jpeg#1 шт#10#600.00
000585##3D Санта#Форма 3D Санта#Силиконовая 3D форма. Вес мыла около 80 г. Эту форму можно взять в прокат в магазине Мыльная опера. Стоимость проката - 30 руб. в сутки. Изготовление формы под заказ в течение 3-4 рабочих дней.#Корень|Главная|Мыловарение|Формы|Формы 3D|3D Новый год#usa_santa.png#1 шт#10#600.00
002825##3D Снеговик пузатый#Форма 3D Снеговик пузатый#Силиконовая 3D форма. Вес мыла около 100 г. Эту форму можно взять в прокат в магазине Мыльная опера. Стоимость проката - 30 руб. в сутки. Изготовление формы под заказ в течение 3-4 рабочих дней.#Корень|Главная|Мыловарение|Формы|Формы 3D|3D Новый год#1502202353.jpeg#1 шт#10#800.00
06c034##3D Снеговик с елочкой#3D Снеговик с елочкой#Силиконовая 3D форма ручной работы. Вес мыла около 60 г. Эту форму можно взять в прокат в магазине Мыльная опера. Стоимость проката - 30 руб. в сутки. Изготовление формы под заказ в течение 3-4 рабочих дней.#Корень|Главная|Мыловарение|Формы|Формы 3D|3D Новый год#3d_snegovik_s_elochkoy.jpeg#1 шт#10#600.00
000992##3D Снеговичок вязаный#Форма 3D Снеговичок вязаный#Специальная силиконовая форма ручной работы для заливки мыла, парафина и т.п. Вес готового мыла около 80 г. Форму можно взять в прокат в магазине Мыльная опера. Стоимость проката - 30 рублей в сутки. Изготовление формы под заказ в течение трех-четырех дней.#Корень|Главная|Мыловарение|Формы|Формы 3D|3D Новый год#profy_snowman.png#1 шт#10#600.00
000993##3D Снеговичок с подарком#Форма 3D Снеговичок с подарком#Специальная силиконовая форма ручной работы для заливки мыла, парафина и т.п. Вес готового мыла около 70 г. Форму можно взять в прокат в магазине Мыльная опера. Стоимость проката - 30 рублей в сутки. Изготовление формы под заказ в течение трех-четырех дней.#Корень|Главная|Мыловарение|Формы|Формы 3D|3D Новый год#profy_snowman_gift.png#1 шт#10#600.00
033506##3D Снеговичок-девочка#Форма 3D Снеговичок-девочка#Силиконовая 3D форма ручной работы. Вес мыла около 50 г. Эту форму можно взять в прокат в магазине Мыльная опера. Стоимость проката - 30 руб. в сутки. Изготовление формы под заказ в течение 3-4 рабочих дней.#Корень|Главная|Мыловарение|Формы|Формы 3D|3D Новый год#3d_snegovichok-devochka.jpeg#1 шт#10#600.00
3dny01##3D Снеговичок-мальчик#3D Снеговичок-мальчик#Силиконовая 3D форма. Вес мыла около 60 г. Эту форму можно взять в прокат в магазине Мыльная опера. Стоимость проката - 30 руб. в сутки. Изготовление формы под заказ в течение 3-4 рабочих дней.#Корень|Главная|Мыловарение|Формы|Формы 3D|3D Новый год#3d_snegovichok-malchik.jpeg#1 шт#10#600.00
003506##3D Снегурочка#Форма 3D Снегурочка#Силиконовая 3D форма ручной работы. Вес мыла около 50 г. Эту форму можно взять в прокат в магазине Мыльная опера. Стоимость проката - 30 руб. в сутки. Изготовление формы под заказ в течение 3-4 рабочих дней.#Корень|Главная|Мыловарение|Формы|Формы 3D|3D Новый год#3d_snegurochka.jpeg#1 шт#10#600.00
003507##3D Снегурочка с елочкой#Форма 3D Снегурочка с елочкой#Силиконовая 3D форма ручной работы. Вес мыла около 50 г. Эту форму можно взять в прокат в магазине Мыльная опера. Стоимость проката - 30 руб. в сутки. Изготовление формы под заказ в течение 3-4 рабочих дней.#Корень|Главная|Мыловарение|Формы|Формы 3D|3D Новый год#3d_snegurochka_s_elochkoy.jpeg#1 шт#10#600.00
001622##3D Снежинка большая#Форма 3D Снежинка большая#Силиконовая 3D форма. Вес мыла около 120 г. Эту форму можно взять в прокат в магазине Мыльная опера. Стоимость проката - 30 руб. в сутки. Изготовление формы под заказ в течение 3-4 рабочих дней.#Корень|Главная|Мыловарение|Формы|Формы 3D|3D Новый год#rent_snowflake2.png#1 шт#10#600.00
000645##3D Снежинка малая#Форма 3D Снежинка малая#Силиконовая 3D форма. Вес мыла около 80 г. Эту форму можно взять в прокат в магазине Мыльная опера. Стоимость проката - 30 руб. в сутки. Изготовление формы под заказ в течение 3-4 рабочих дней.#Корень|Главная|Мыловарение|Формы|Формы 3D|3D Новый год#usa_snowflake.png#1 шт#10#600.00
