001614##3D Лошадь на монетках#Форма 3D Лошадь на монетках#Силиконовая 3D форма ручной работы. Вес мыла около 80 г. Эту форму можно взять в прокат в магазине Мыльная опера. Стоимость проката - 30 руб. в сутки. Изготовление формы под заказ в течение 3-4 рабочих дней.#Корень|Главная|Мыловарение|Формы|Формы 3D|3D Фэн-шуй#rent_moneyhorse.jpeg#1 гр#10#600.00
000807##3D Лягушка денежная#Форма 3D Лягушка денежная#Силиконовая 3D форма ручной работы. Вес мыла около 80 г. Эту форму можно взять в прокат в магазине Мыльная опера. Стоимость проката - 30 руб. в сутки. Изготовление формы под заказ в течение 3-4 рабочих дней.#Корень|Главная|Мыловарение|Формы|Формы 3D|3D Фэн-шуй#rent_frog.png#1 шт#10#500.00
002831##3D Лягушка денежная 2#Форма 3D Лягушка денежная 2#Силиконовая 3D форма ручной работы. Вес мыла около 80 г. Эту форму можно взять в прокат в магазине Мыльная опера. Стоимость проката - 30 руб. в сутки. Изготовление формы под заказ в течение 3-4 рабочих дней.#Корень|Главная|Мыловарение|Формы|Формы 3D|3D Фэн-шуй#1503152131.jpeg#1 шт#10#500.00
002839##3D Лягушка денежная 3#Форма 3D Лягушка денежная 3#Силиконовая 3D форма ручной работы. Вес мыла около 60 г. Эту форму можно взять в прокат в магазине Мыльная опера. Стоимость проката - 30 руб. в сутки. Изготовление формы под заказ в течение 3-4 рабочих дней.#Корень|Главная|Мыловарение|Формы|Формы 3D|3D Фэн-шуй#1503152155.jpeg#1 шт#10#500.00
000802##3D Слоник#Форма 3D Слоник#Специальная силиконовая форма ручной работы для заливки мыла, парафина и т.п. Вес готового мыла около 80 г. Форму можно взять в прокат в магазине Мыльная опера. Стоимость проката - 30 рублей в сутки. Изготовление формы под заказ в течение трех-четырех дней.#Корень|Главная|Мыловарение|Формы|Формы 3D|3D Фэн-шуй#profy_elephant.jpeg#1 шт#10#600.00
002826##3D Тигры на монетках#Форма 3D Тигры на монетках#Силиконовая 3D форма. Вес мыла около 80 г. Эту форму можно взять в прокат в магазине Мыльная опера. Стоимость проката - 30 руб. в сутки. Изготовление формы под заказ в течение 3-4 рабочих дней.#Корень|Главная|Мыловарение|Формы|Формы 3D|3D Фэн-шуй#1502202355.jpeg#1 шт#10#600.00
001626##3D Три черепахи#Форма 3D Три черепахи#Специальная силиконовая форма ручной работы для заливки мыла, парафина и т.п. Вес готового мыла около 100 г. Форму можно взять в прокат в магазине Мыльная опера. Стоимость проката - 30 рублей в сутки. Изготовление формы под заказ в течение трех-четырех дней. #Корень|Главная|Мыловарение|Формы|Формы 3D|3D Фэн-шуй#rent_turtles.jpeg#1 шт#10#600.00
002819##3D Утки-мандаринки#Форма 3D Утки-мандаринки#Силиконовая 3D форма. Вес мыла около 80 г. Эту форму можно взять в прокат в магазине Мыльная опера. Стоимость проката - 30 руб. в сутки. Изготовление формы под заказ в течение 3-4 рабочих дней.#Корень|Главная|Мыловарение|Формы|Формы 3D|3D Фэн-шуй#1502202334.jpeg#1 шт#10#600.00
073222##3D Хотей#Форма Хотей#Силиконовая 3D форма ручной работы. Вес мыла около 60 г. Эту форму можно взять в прокат в магазине Мыльная опера. Стоимость проката - 30 руб. в сутки. Изготовление формы под заказ в течение 3-4 рабочих дней.#Корень|Главная|Мыловарение|Формы|Формы 3D|3D Фэн-шуй#3d_khotey.jpeg#1 шт#10#600.00
003099##3D Хотей на лягушке#Форма 3D Хотей на лягушке#Силиконовая 3D форма ручной работы. Вес мыла около 50 г. Высота 7 см. Эту форму можно взять в прокат в магазине Мыльная опера. Стоимость проката - 30 руб. в сутки. Изготовление формы под заказ в течение 3-4 рабочих дней.#Корень|Главная|Мыловарение|Формы|Формы 3D|3D Фэн-шуй#1505111702.jpeg#1 шт#10#600.00
