072131##3D Бюст#Форма 3D Бюст#Силиконовая 3D форма. Вес мыла около 110 г. Эту форму можно взять в прокат в магазине Мыльная опера. Стоимость проката - 30 руб. в сутки. Изготовление формы под заказ в течение 3-4 рабочих дней.#Корень|Главная|Мыловарение|Формы|Формы 3D|3D Человек#3d_byust.jpeg#1 шт#10#600.00
002836##3D Венера#Форма 3D Венера#Силиконовая 3D форма ручной работы. Вес мыла около 80 г. Эту форму можно взять в прокат в магазине Мыльная опера. Стоимость проката - 30 руб. в сутки. Изготовление формы под заказ в течение 3-4 рабочих дней. #Корень|Главная|Мыловарение|Формы|Формы 3D|3D Человек#1503152149.jpeg#1 шт#10#500.00
000986##3D Девочка#Форма 3D Девочка#Силиконовая 3D форма ручной работы. Вес мыла около 60 г. Эту форму можно взять в прокат в магазине Мыльная опера. Стоимость проката - 30 руб. в сутки. Изготовление формы под заказ в течение 3-4 рабочих дней.#Корень|Главная|Мыловарение|Формы|Формы 3D|3D Человек#profy_child_girl.png#1 шт#10#600.00
002837##3D Домовой#Форма 3D Домовой#Силиконовая 3D форма ручной работы. Вес мыла около 100 г. Эту форму можно взять в прокат в магазине Мыльная опера. Стоимость проката - 30 руб. в сутки. Изготовление формы под заказ в течение 3-4 рабочих дней. #Корень|Главная|Мыловарение|Формы|Формы 3D|3D Человек#1503152150.jpeg#1 шт#10#600.00
000594##3D Земляничная фея#Форма 3D Земляничная фея#Силиконовая 3D форма. Вес мыла около 80 г. Эту форму можно взять в прокат в магазине Мыльная опера. Стоимость проката - 30 руб. в сутки. Изготовление формы под заказ в течение 3-4 рабочих дней.#Корень|Главная|Мыловарение|Формы|Формы 3D|3D Человек#usa_strawberry_fairy.png#1 шт#10#600.00
002802##3D Камасутра I#Форма 3D Камасутра I#Силиконовая 3D форма ручной работы. Вес мыла около 90 г. Эту форму можно взять в прокат в магазине Мыльная опера. Стоимость проката - 30 руб. в сутки. Изготовление формы под заказ в течение 3-4 рабочих дней. Фотографию формы можно получить по запросу на почту.#Корень|Главная|Мыловарение|Формы|Формы 3D|3D Человек#1502151123.jpeg#1 шт#10#800.00
002803##3D Камасутра II#Форма 3D Камасутра II#Силиконовая 3D форма ручной работы. Вес мыла около 90 г. Эту форму можно взять в прокат в магазине Мыльная опера. Стоимость проката - 30 руб. в сутки. Изготовление формы под заказ в течение 3-4 рабочих дней. Фотографию формы можно получить по запросу на почту.#Корень|Главная|Мыловарение|Формы|Формы 3D|3D Человек#1502151123.jpeg#1 шт#10#800.00
002804##3D Камасутра III#Форма 3D Камасутра III#Силиконовая 3D форма ручной работы. Вес мыла около 110 г. Эту форму можно взять в прокат в магазине Мыльная опера. Стоимость проката - 30 руб. в сутки. Изготовление формы под заказ в течение 3-4 рабочих дней. Фотографию формы можно получить по запросу на почту.#Корень|Главная|Мыловарение|Формы|Формы 3D|3D Человек#1502151123.jpeg#1 шт#10#800.00
002805##3D Камасутра IV#Форма 3D Камасутра IV#Силиконовая 3D форма ручной работы. Вес мыла около 110 г. Эту форму можно взять в прокат в магазине Мыльная опера. Стоимость проката - 30 руб. в сутки. Изготовление формы под заказ в течение 3-4 рабочих дней. Фотографию формы можно получить по запросу на почту.#Корень|Главная|Мыловарение|Формы|Формы 3D|3D Человек#1502151123.jpeg#1 шт#10#800.00
002806##3D Камасутра V#Форма 3D Камасутра V#Силиконовая 3D форма ручной работы. Вес мыла около 110 г. Эту форму можно взять в прокат в магазине Мыльная опера. Стоимость проката - 30 руб. в сутки. Изготовление формы под заказ в течение 3-4 рабочих дней. Фотографию формы можно получить по запросу на почту.#Корень|Главная|Мыловарение|Формы|Формы 3D|3D Человек#1502151123.jpeg#1 шт#10#800.00
000969##3D Малыш в крыльях#Форма 3D Малыш в крыльях#Силиконовая 3D форма ручной работы. Вес мыла около 100 г. Эту форму можно взять в прокат в магазине Мыльная опера. Стоимость проката - 30 руб. в сутки. Изготовление формы под заказ в течение 3-4 рабочих дней.#Корень|Главная|Мыловарение|Формы|Формы 3D|3D Человек#profy_baby_wing.png#1 шт#10#600.00
000971##3D Малыш в крыльях 1#Форма 3D Малыш в крыльях 1#Силиконовая 3D форма ручной работы. Вес мыла около 120 г. Эту форму можно взять в прокат в магазине Мыльная опера. Стоимость проката - 30 руб. в сутки. Изготовление формы под заказ в течение 3-4 рабочих дней.#Корень|Главная|Мыловарение|Формы|Формы 3D|3D Человек#profy_baby_wing1.png#1 шт#10#600.00
002620##3D Малыш на собаке#Форма 3D Малыш на собаке#Силиконовая 3D форма ручной работы. Вес мыла около 80 г. Эту форму можно взять в прокат в магазине Мыльная опера. Стоимость проката - 30 руб. в сутки. Изготовление формы под заказ в течение 3-4 рабочих дней.#Корень|Главная|Мыловарение|Формы|Формы 3D|3D Человек#1410232301.jpeg#1 шт#10#600.00
002600##3D Малыш-заяц#Форма 3D Малыш-заяц#Силиконовая 3D форма ручной работы. Вес мыла около 80 г. Эту форму можно взять в прокат в магазине Мыльная опера. Стоимость проката - 30 руб. в сутки. Изготовление формы под заказ в течение 3-4 рабочих дней.#Корень|Главная|Мыловарение|Формы|Формы 3D|3D Человек#1410192300.jpeg#1 шт#10#600.00
002816##3D Молодожены#Форма 3D Молодожены#Силиконовая 3D форма. Вес мыла около 80 г. Эту форму можно взять в прокат в магазине Мыльная опера. Стоимость проката - 30 руб. в сутки. Изготовление формы под заказ в течение 3-4 рабочих дней.#Корень|Главная|Мыловарение|Формы|Формы 3D|3D Человек#1502202330.jpeg#1 шт#10#800.00
002823##3D Молодожены с букетом#Форма 3D Молодожены с букетом#Силиконовая 3D форма. Вес мыла около 80 г. Эту форму можно взять в прокат в магазине Мыльная опера. Стоимость проката - 30 руб. в сутки. Изготовление формы под заказ в течение 3-4 рабочих дней.#Корень|Главная|Мыловарение|Формы|Формы 3D|3D Человек#1502202348.jpeg#1 шт#10#800.00
002799##3D Мужское достоинство#Форма 3D Мужское достоинство#Силиконовая 3D форма ручной работы. Вес мыла около 80 г. Эту форму можно взять в прокат в магазине Мыльная опера. Стоимость проката - 30 руб. в сутки. Изготовление формы под заказ в течение 3-4 рабочих дней. Фотографию формы можно получить по запросу на почту.#Корень|Главная|Мыловарение|Формы|Формы 3D|3D Человек#1502151123.jpeg#1 шт#10#800.00
072111##3D Мужское достоинство 3#Форма 3D Мужское достоинство 3 (сверху)#Силиконовая 3D форма ручной работы. Вес мыла около 100 г. Эту форму можно взять в прокат в магазине Мыльная опера. Стоимость проката - 30 руб. в сутки. Изготовление формы под заказ в течение 3-4 рабочих дней. Фотографию формы можно получить по запросу на почту.#Корень|Главная|Мыловарение|Формы|Формы 3D|3D Человек#1502151123.jpeg#1 шт#10#600.00
002801##3D Мужское достоинство Древность#Форма 3D Мужское достоинство Древность#Силиконовая 3D форма ручной работы. Фигурка - стилизация под археологические раскопки. Вес мыла около 120 г. Эту форму можно взять в прокат в магазине Мыльная опера. Стоимость проката - 30 руб. в сутки. Изготовление формы под заказ в течение 3-4 рабочих дней. Фотографию формы можно получить по запросу на почту.#Корень|Главная|Мыловарение|Формы|Формы 3D|3D Человек#1502151123.jpeg#1 шт#10#800.00
002800##3D Мужское достоинство крупный#Форма 3D Мужское достоинство крупный#Силиконовая 3D форма ручной работы. Вес мыла около 120 г. Эту форму можно взять в прокат в магазине Мыльная опера. Стоимость проката - 30 руб. в сутки. Изготовление формы под заказ в течение 3-4 рабочих дней. Фотографию формы можно получить по запросу на почту.#Корень|Главная|Мыловарение|Формы|Формы 3D|3D Человек#1502151123.jpeg#1 шт#10#800.00
000659##3D Пинетка с розой#Форма 3D Пинетка с розой#Силиконовая 3D форма. Вес мыла около 60 г. Эту форму можно взять в прокат в магазине Мыльная опера. Стоимость проката - 30 руб. в сутки. Изготовление формы под заказ в течение 3-4 рабочих дней.#Корень|Главная|Мыловарение|Формы|Формы 3D|3D Человек#rent_pinetka.png#1 шт#10#600.00
002847##3D Ребенок в капусте#Форма 3D Ребенок в капусте#Силиконовая 3D форма. Вес мыла около 90 г. Эту форму можно взять в прокат в магазине Мыльная опера. Стоимость проката - 30 руб. в сутки. Изготовление формы под заказ в течение 3-4 рабочих дней. На фото работа Гульнары Зариповой.#Корень|Главная|Мыловарение|Формы|Формы 3D|3D Человек#1305152341.jpeg#1 шт#10#500.00
002850##3D Сандалик#Форма 3D Сандалик#Силиконовая 3D форма. Вес мыла около 70 г. Эту форму можно взять в прокат в магазине Мыльная опера. Стоимость проката - 30 руб. в сутки. Изготовление формы под заказ в течение 3-4 рабочих дней. На фото работа Гульнары Зариповой.#Корень|Главная|Мыловарение|Формы|Формы 3D|3D Человек#1305152357.jpeg#1 шт#10#500.00
002851##3D Свадьба#Форма 3D Свадьба#Силиконовая 3D форма ручной работы. Вес мыла около 90 г. Эту форму можно взять в прокат в магазине Мыльная опера. Стоимость проката - 30 руб. в сутки. Изготовление формы под заказ в течение 3-4 рабочих дней. На фото работа Гульнары Зариповой.#Корень|Главная|Мыловарение|Формы|Формы 3D|3D Человек#1305152358.jpeg#1 шт#10#600.00
003331##3D Смурфик#Форма 3D Смурфик#Специальная силиконовая форма ручной работы для заливки мыла, парафина и т.п. Вес готового мыла около 100 г. Форму можно взять в прокат в магазине Мыльная опера. Стоимость проката - 30 рублей в сутки. Изготовление формы под заказ в течение трех-четырех дней.#Корень|Главная|Мыловарение|Формы|Формы 3D|3D Человек#3D_smurfik.jpeg#1 шт#10#600.00
002832##3D Эскимос с игрушкой#Форма 3D Эскимос с игрушкой#Специальная силиконовая форма ручной работы для заливки мыла, парафина и т.п. Вес готового мыла около 80 г. Форму можно взять в прокат в магазине Мыльная опера. Стоимость проката - 30 рублей в сутки. Изготовление формы под заказ в течение трех-четырех дней.#Корень|Главная|Мыловарение|Формы|Формы 3D|3D Человек#1503152132.jpeg#1 шт#10#600.00
000990##3D Эскимос с рыбой#Форма 3D Эскимос с рыбой#Специальная силиконовая форма ручной работы для заливки мыла, парафина и т.п. Вес готового мыла около 80 г. Форму можно взять в прокат в магазине Мыльная опера. Стоимость проката - 30 рублей в сутки. Изготовление формы под заказ в течение трех-четырех дней.#Корень|Главная|Мыловарение|Формы|Формы 3D|3D Человек#profy_eskimo_fish.png#1 шт#10#600.00
000970##3D Эскимос с собачкой#Форма 3D Эскимос с собачкой#Специальная силиконовая форма ручной работы для заливки мыла, парафина и т.п. Вес готового мыла около 80 г. Форму можно взять в прокат в магазине Мыльная опера. Стоимость проката - 30 рублей в сутки. Изготовление формы под заказ в течение трех-четырех дней.#Корень|Главная|Мыловарение|Формы|Формы 3D|3D Человек#profy_eskimo_dog.png#1 шт#10#600.00
