000092##Ананас#Отдушка косметическая Ананас#Ярко выраженный аромат лета и тропических фруктов. На 100 г мыльной основы обычно добавляют 5-7 капель отдушки, максимальное использование — до 2 % от веса основы. #Корень|Главная|Мыловарение|Ароматизаторы и отдушки|Косметические отдушки#92.png#10 мл#10#70.00
000092##Ананас#Отдушка косметическая Ананас#Ярко выраженный аромат лета и тропических фруктов. На 100 г мыльной основы обычно добавляют 5-7 капель отдушки, максимальное использование — до 2 % от веса основы. #Корень|Главная|Мыловарение|Ароматизаторы и отдушки|Косметические отдушки#92.png#100 мл#10#300.00
000093##Апельсин#Отдушка косметическая Апельсин#Стойкий, солнечный, бодрящий аромат апельсина. На 100 г мыльной основы обычно добавляют 5-7 капель отдушки, максимальное использование — до 2 % от веса основы. #Корень|Главная|Мыловарение|Ароматизаторы и отдушки|Косметические отдушки#93.png#10 мл#10#70.00
000093##Апельсин#Отдушка косметическая Апельсин#Стойкий, солнечный, бодрящий аромат апельсина. На 100 г мыльной основы обычно добавляют 5-7 капель отдушки, максимальное использование — до 2 % от веса основы. #Корень|Главная|Мыловарение|Ароматизаторы и отдушки|Косметические отдушки#93.png#100 гр#10#360.00
006030##Апельсин и манго#Отдушка косметическая Апельсин и манго#Стойкий, солнечный, бодрящий аромат апельсина и мягкий аромат манго. На 100 г мыльной основы обычно добавляют 5-7 капель отдушки, максимальное использование — до 2 % от веса основы. #Корень|Главная|Мыловарение|Ароматизаторы и отдушки|Косметические отдушки#apelsin_i_mango.jpeg#10 мл#10#70.00
006030##Апельсин и манго#Отдушка косметическая Апельсин и манго#Стойкий, солнечный, бодрящий аромат апельсина и мягкий аромат манго. На 100 г мыльной основы обычно добавляют 5-7 капель отдушки, максимальное использование — до 2 % от веса основы. #Корень|Главная|Мыловарение|Ароматизаторы и отдушки|Косметические отдушки#apelsin_i_mango.jpeg#100 мл#10#350.00
001666##Апельсиновое мороженое#Отдушка косметическая Апельсиновое мороженое#Стойкий, солнечный, бодрящий запах апельсина и нежный аромат мороженого. На 100 г мыльной основы обычно добавляют 5-7 капель отдушки, максимальное использование — до 2 % от веса основы. #Корень|Главная|Мыловарение|Ароматизаторы и отдушки|Косметические отдушки#apelsinovoe_morozenoe.jpeg#10 мл#10#70.00
000094##Арбуз#Отдушка косметическая Арбуз#Запах арбуза будет напоминать Вам о летних солнечных днях. Добавьте 5-7 капель отдушки в мыло и наслаждайтесь свежестью арбуза круглый год. Отдушка рекомендована для мыла с нуля!#Корень|Главная|Мыловарение|Ароматизаторы и отдушки|Косметические отдушки#94.png#10 мл#10#70.00
000094##Арбуз#Отдушка косметическая Арбуз#Запах арбуза будет напоминать Вам о летних солнечных днях. Добавьте 5-7 капель отдушки в мыло и наслаждайтесь свежестью арбуза круглый год. Отдушка рекомендована для мыла с нуля!#Корень|Главная|Мыловарение|Ароматизаторы и отдушки|Косметические отдушки#94.png#100 мл#10#430.00
000095##Бабл гам#Отдушка косметическая Бабл гам#Идеальный аромат для детского мыла. Все детки любят этот запах. На 100 г мыльной основы обычно добавляют 5-7 капель отдушки, максимальное использование — до 2 % от веса основы. #Корень|Главная|Мыловарение|Ароматизаторы и отдушки|Косметические отдушки#95.png#10 мл#10#70.00
000095##Бабл гам#Отдушка косметическая Бабл гам#Идеальный аромат для детского мыла. Все детки любят этот запах. На 100 г мыльной основы обычно добавляют 5-7 капель отдушки, максимальное использование — до 2 % от веса основы. #Корень|Главная|Мыловарение|Ароматизаторы и отдушки|Косметические отдушки#95.png#100 мл#10#450.00
000096##Банан#Отдушка косметическая Банан#Теплый тропический аромат банана подарит ощущение покоя. На 100 г мыльной основы обычно добавляют 5-7 капель отдушки, максимальное использование — до 2 % от веса основы. #Корень|Главная|Мыловарение|Ароматизаторы и отдушки|Косметические отдушки#96.png#10 мл#10#70.00
000096##Банан#Отдушка косметическая Банан#Теплый тропический аромат банана подарит ощущение покоя. На 100 г мыльной основы обычно добавляют 5-7 капель отдушки, максимальное использование — до 2 % от веса основы. #Корень|Главная|Мыловарение|Ароматизаторы и отдушки|Косметические отдушки#96.png#100 мл#10#300.00
007230##Белая лилия#Отдушка косметическая Белая лилия#Благородный аромат белого цветка. На 100 г мыльной основы обычно добавляют 5-7 капель отдушки, максимальное использование — до 2 % от веса основы. #Корень|Главная|Мыловарение|Ароматизаторы и отдушки|Косметические отдушки#belaya_liliya.jpeg#10 мл#10#70.00
007230##Белая лилия#Отдушка косметическая Белая лилия#Благородный аромат белого цветка. На 100 г мыльной основы обычно добавляют 5-7 капель отдушки, максимальное использование — до 2 % от веса основы. #Корень|Главная|Мыловарение|Ароматизаторы и отдушки|Косметические отдушки#belaya_liliya.jpeg#100 мл#10#220.00
000098##Бисквит#Отдушка косметическая Бисквит#Для мыла в виде пирожного или кексика аромат Бисквит подойдет как нельзя лучше. Такое мыло захочется съесть, а мыться им — одно удовольствие. На 100 г мыльной основы обычно добавляют 5-7 капель отдушки, максимальное использование — до 2 % от веса основы. #Корень|Главная|Мыловарение|Ароматизаторы и отдушки|Косметические отдушки#98.png#10 мл#10#70.00
000098##Бисквит#Отдушка косметическая Бисквит#Для мыла в виде пирожного или кексика аромат Бисквит подойдет как нельзя лучше. Такое мыло захочется съесть, а мыться им — одно удовольствие. На 100 г мыльной основы обычно добавляют 5-7 капель отдушки, максимальное использование — до 2 % от веса основы. #Корень|Главная|Мыловарение|Ароматизаторы и отдушки|Косметические отдушки#98.png#100 мл#10#420.00
000099##Брусника#Отдушка косметическая Брусника#С ароматом Брусники Вы почувствуете свежий запах леса и легкую горчинку целебных лесных ягод. На 100 г мыльной основы обычно добавляют 5-7 капель отдушки, максимальное использование — до 2 % от веса основы. #Корень|Главная|Мыловарение|Ароматизаторы и отдушки|Косметические отдушки#99.png#10 мл#10#70.00
000099##Брусника#Отдушка косметическая Брусника#С ароматом Брусники Вы почувствуете свежий запах леса и легкую горчинку целебных лесных ягод. На 100 г мыльной основы обычно добавляют 5-7 капель отдушки, максимальное использование — до 2 % от веса основы. #Корень|Главная|Мыловарение|Ароматизаторы и отдушки|Косметические отдушки#99.png#100 мл#10#400.00
000101##Ваниль#Отдушка косметическая Ваниль#Теплый и сладкий аромат Ванили хорошо подходит для изготовления мыла в виде кексиков и пирожных. Будьте внимательны, ароматизатор придает мылу слегка желтоватый оттенок. На 100 г мыльной основы обычно добавляют 5-7 капель отдушки, максимальное использование — до 2 % от веса основы. #Корень|Главная|Мыловарение|Ароматизаторы и отдушки|Косметические отдушки#101.png#10 мл#10#70.00
000101##Ваниль#Отдушка косметическая Ваниль#Теплый и сладкий аромат Ванили хорошо подходит для изготовления мыла в виде кексиков и пирожных. Будьте внимательны, ароматизатор придает мылу слегка желтоватый оттенок. На 100 г мыльной основы обычно добавляют 5-7 капель отдушки, максимальное использование — до 2 % от веса основы. #Корень|Главная|Мыловарение|Ароматизаторы и отдушки|Косметические отдушки#101.png#100 мл#10#440.00
007581##Вино Мускат#Отдушка косметическая Вино Мускат#Добавьте 5-7 капель отдушки в мыло.#Корень|Главная|Мыловарение|Ароматизаторы и отдушки|Косметические отдушки#vino_muskat.jpeg#10 мл#10#70.00
007581##Вино Мускат#Отдушка косметическая Вино Мускат#Добавьте 5-7 капель отдушки в мыло.#Корень|Главная|Мыловарение|Ароматизаторы и отдушки|Косметические отдушки#vino_muskat.jpeg#100 мл#10#530.00
000102##Виноград#Отдушка косметическая Виноград#На 100 г мыльной основы обычно добавляют 5-7 капель отдушки, максимальное использование — до 2 % от веса основы. #Корень|Главная|Мыловарение|Ароматизаторы и отдушки|Косметические отдушки#102.png#10 мл#10#70.00
000102##Виноград#Отдушка косметическая Виноград#На 100 г мыльной основы обычно добавляют 5-7 капель отдушки, максимальное использование — до 2 % от веса основы. #Корень|Главная|Мыловарение|Ароматизаторы и отдушки|Косметические отдушки#102.png#100 мл#10#370.00
000103##Вишня#Отдушка косметическая Вишня#Яркий аромат с кислинкой прекрасно подойдет для изготовления мыла в форме фруктов. На 100 г мыльной основы обычно добавляют 5-7 капель отдушки, максимальное использование — до 2 % от веса основы. #Корень|Главная|Мыловарение|Ароматизаторы и отдушки|Косметические отдушки#103.png#10 мл#10#70.00
000103##Вишня#Отдушка косметическая Вишня#Яркий аромат с кислинкой прекрасно подойдет для изготовления мыла в форме фруктов. На 100 г мыльной основы обычно добавляют 5-7 капель отдушки, максимальное использование — до 2 % от веса основы. #Корень|Главная|Мыловарение|Ароматизаторы и отдушки|Косметические отдушки#103.png#100 мл#10#420.00
007582##Водная симфония#Отдушка косметическая Водная симфония#Добавьте 5-7 капель отдушки в мыло.#Корень|Главная|Мыловарение|Ароматизаторы и отдушки|Косметические отдушки#vino_vodnaya_simfoniya.jpeg#10 мл#10#70.00
007582##Водная симфония#Отдушка косметическая Водная симфония#Добавьте 5-7 капель отдушки в мыло.#Корень|Главная|Мыловарение|Ароматизаторы и отдушки|Косметические отдушки#vino_vodnaya_simfoniya.jpeg#100 мл#10#410.00
001154##Гавайское лето#Отдушка косметическая Гавайское лето#Женский парфюм. Цветочный, фруктовый аромат с характером океанского бриза. Дозировка: начните с 10-15 капель на 100 г основы, но, если в готовом мыле аромат "потерялся", то в следующий раз увеличивайте количество этой отдушки, вплоть до 2% от веса основы. #Корень|Главная|Мыловарение|Ароматизаторы и отдушки|Косметические отдушки#arom_hawaii.jpeg#10 мл#10#70.00
001154##Гавайское лето#Отдушка косметическая Гавайское лето#Женский парфюм. Цветочный, фруктовый аромат с характером океанского бриза. Дозировка: начните с 10-15 капель на 100 г основы, но, если в готовом мыле аромат "потерялся", то в следующий раз увеличивайте количество этой отдушки, вплоть до 2% от веса основы. #Корень|Главная|Мыловарение|Ароматизаторы и отдушки|Косметические отдушки#arom_hawaii.jpeg#100 мл#10#450.00
007090##Глинтвейн#Отдушка косметическая Глинтвейн#Отдушка косметическая Глинтвейн. На 100 г мыльной основы обычно добавляют 5-7 капель отдушки, максимальное использование — до 2 % от веса основы. #Корень|Главная|Мыловарение|Ароматизаторы и отдушки|Косметические отдушки#glintveyn.jpeg#10 мл#10#70.00
007090##Глинтвейн#Отдушка косметическая Глинтвейн#Отдушка косметическая Глинтвейн. На 100 г мыльной основы обычно добавляют 5-7 капель отдушки, максимальное использование — до 2 % от веса основы. #Корень|Главная|Мыловарение|Ароматизаторы и отдушки|Косметические отдушки#glintveyn.jpeg#100 мл#10#390.00
001668##Грейпфрут#Отдушка косметическая Грейпфрут#Освежающе-пикантный цитрус с лёгкой горчинкой. На 100 г мыльной основы обычно добавляют 5-7 капель отдушки, максимальное использование — до 2 % от веса основы. #Корень|Главная|Мыловарение|Ароматизаторы и отдушки|Косметические отдушки#grapefrut.jpeg#10 мл#10#70.00
001668##Грейпфрут#Отдушка косметическая Грейпфрут#Освежающе-пикантный цитрус с лёгкой горчинкой. На 100 г мыльной основы обычно добавляют 5-7 капель отдушки, максимальное использование — до 2 % от веса основы. #Корень|Главная|Мыловарение|Ароматизаторы и отдушки|Косметические отдушки#grapefrut.jpeg#100 мл#10#400.00
000105##Дыня#Отдушка косметическая Дыня#Ярко выраженный аромат Дыни будет дарить Вам хорошее солнечное настроение. На 100 г мыльной основы обычно добавляют 5-7 капель отдушки, максимальное использование — до 2 % от веса основы. #Корень|Главная|Мыловарение|Ароматизаторы и отдушки|Косметические отдушки#105.png#10 мл#10#70.00
000105##Дыня#Отдушка косметическая Дыня#Ярко выраженный аромат Дыни будет дарить Вам хорошее солнечное настроение. На 100 г мыльной основы обычно добавляют 5-7 капель отдушки, максимальное использование — до 2 % от веса основы. #Корень|Главная|Мыловарение|Ароматизаторы и отдушки|Косметические отдушки#105.png#100 мл#10#350.00
001670##Ель и мандарин#Отдушка косметическая Ель и мандарин#Самый новогодний аромат на свете! На 100 г мыльной основы обычно добавляют 5-7 капель отдушки, максимальное использование — до 2 % от веса основы. #Корень|Главная|Мыловарение|Ароматизаторы и отдушки|Косметические отдушки#el_i_mandarin.jpeg#10 мл#10#70.00
001670##Ель и мандарин#Отдушка косметическая Ель и мандарин#Самый новогодний аромат на свете! На 100 г мыльной основы обычно добавляют 5-7 капель отдушки, максимальное использование — до 2 % от веса основы. #Корень|Главная|Мыловарение|Ароматизаторы и отдушки|Косметические отдушки#el_i_mandarin.jpeg#100 мл#10#580.00
000106##Жасмин#Отдушка косметическая Жасмин#Ароматизатор Жасмин имеет яркий цветочный аромат, хорошо подходит для мыла, шампуня, кремов. На 100 г мыльной основы обычно добавляют 5-7 капель отдушки, максимальное использование — до 2 % от веса основы. #Корень|Главная|Мыловарение|Ароматизаторы и отдушки|Косметические отдушки#106.png#10 мл#10#70.00
000106##Жасмин#Отдушка косметическая Жасмин#Ароматизатор Жасмин имеет яркий цветочный аромат, хорошо подходит для мыла, шампуня, кремов. На 100 г мыльной основы обычно добавляют 5-7 капель отдушки, максимальное использование — до 2 % от веса основы. #Корень|Главная|Мыловарение|Ароматизаторы и отдушки|Косметические отдушки#106.png#100 гр#10#350.00
000107##Зеленая трава#Отдушка косметическая Зеленая трава#Ощущение, как будто прошли летом по траве босиком, Вы испытаете, если добавите в мыло ароматизатор Зеленая трава. На 100 г мыльной основы обычно добавляют 5-7 капель отдушки, максимальное использование — до 2 % от веса основы. #Корень|Главная|Мыловарение|Ароматизаторы и отдушки|Косметические отдушки#107.png#10 мл#10#70.00
000107##Зеленая трава#Отдушка косметическая Зеленая трава#Ощущение, как будто прошли летом по траве босиком, Вы испытаете, если добавите в мыло ароматизатор Зеленая трава. На 100 г мыльной основы обычно добавляют 5-7 капель отдушки, максимальное использование — до 2 % от веса основы. #Корень|Главная|Мыловарение|Ароматизаторы и отдушки|Косметические отдушки#107.png#100 мл#10#300.00
006140##Зелёное яблоко#Отдушка косметическая Зелёное яблоко#Освежающий аромат зелёного яблока. На 100 г мыльной основы обычно добавляют 5-7 капель отдушки, максимальное использование — до 2 % от веса основы. #Корень|Главная|Мыловарение|Ароматизаторы и отдушки|Косметические отдушки#zelenoe_yabloko.jpeg#10 мл#10#70.00
006140##Зелёное яблоко#Отдушка косметическая Зелёное яблоко#Освежающий аромат зелёного яблока. На 100 г мыльной основы обычно добавляют 5-7 капель отдушки, максимальное использование — до 2 % от веса основы. #Корень|Главная|Мыловарение|Ароматизаторы и отдушки|Косметические отдушки#zelenoe_yabloko.jpeg#100 мл#10#300.00
000108##Зеленый чай#Отдушка косметическая Зеленый чай#Умиротворяющий аромат Зеленого чая создаст атмосферу покоя и уюта. На 100 г мыльной основы обычно добавляют 5-7 капель отдушки, максимальное использование — до 2 % от веса основы. #Корень|Главная|Мыловарение|Ароматизаторы и отдушки|Косметические отдушки#108.png#10 мл#10#70.00
001671##Зеленый чай с мятой#Отдушка косметическая Зеленый чай с мятой#Бодрящий аромат освежающего напитка. На 100 г мыльной основы обычно добавляют 5-7 капель отдушки, максимальное использование — до 2 % от веса основы. Отдушка рекомендована для мыла с нуля!#Корень|Главная|Мыловарение|Ароматизаторы и отдушки|Косметические отдушки#zelenyi_chay_16_c_ miatoj.jpeg#10 мл#10#70.00
006141##Земляника#Отдушка косметическая Земляника #Сладкий аромат любимых лесных ягод. На 100 г мыльной основы обычно добавляют 5-7 капель отдушки, максимальное использование — до 2 % от веса основы. #Корень|Главная|Мыловарение|Ароматизаторы и отдушки|Косметические отдушки#zemlyanika.jpeg#10 мл#10#70.00
006141##Земляника#Отдушка косметическая Земляника #Сладкий аромат любимых лесных ягод. На 100 г мыльной основы обычно добавляют 5-7 капель отдушки, максимальное использование — до 2 % от веса основы. #Корень|Главная|Мыловарение|Ароматизаторы и отдушки|Косметические отдушки#zemlyanika.jpeg#100 мл#10#300.00
001696##Иланг-иланг и апельсин#Отдушка косметическая Иланг-иланг и апельсин#Яркий апельсин и манящий сладкий иланг — изысканное сочетание для любого косметического средства. На 100 г мыльной основы обычно добавляют 5-7 капель отдушки, максимальное использование — до 2 % от веса основы. #Корень|Главная|Мыловарение|Ароматизаторы и отдушки|Косметические отдушки#ylang-orange.jpeg#10 мл#10#70.00
000109##Капучино#Отдушка косметическая Капучино#Теплый, пряный, изысканный аромат Капучино надолго сохранится в Вашем мыле. Добавьте в мыло 5-7 капель отдушки и наслаждайтесь.#Корень|Главная|Мыловарение|Ароматизаторы и отдушки|Косметические отдушки#109.png#10 мл#10#70.00
000109##Капучино#Отдушка косметическая Капучино#Теплый, пряный, изысканный аромат Капучино надолго сохранится в Вашем мыле. Добавьте в мыло 5-7 капель отдушки и наслаждайтесь.#Корень|Главная|Мыловарение|Ароматизаторы и отдушки|Косметические отдушки#109.png#100 мл#10#400.00
000110##Клубника#Отдушка косметическая Клубника#Аромат сочной спелой Клубники — беспроигрышный вариант для любой косметики. На 100 г мыльной основы обычно добавляют 5-7 капель отдушки, максимальное использование — до 2 % от веса основы. #Корень|Главная|Мыловарение|Ароматизаторы и отдушки|Косметические отдушки#110.png#10 мл#10#70.00
000111##Клубничное мороженое#Отдушка косметическая Клубничное мороженое#Ароматизатор Клубничное мороженое можно добавлять как в мыло, так и крема, скрабы и шампуни, его аромат никого не оставит равнодушным. На 100 г мыльной основы обычно добавляют 5-7 капель отдушки, максимальное использование — до 2 % от веса основы. #Корень|Главная|Мыловарение|Ароматизаторы и отдушки|Косметические отдушки#111.png#10 мл#10#70.00
000111##Клубничное мороженое#Отдушка косметическая Клубничное мороженое#Ароматизатор Клубничное мороженое можно добавлять как в мыло, так и крема, скрабы и шампуни, его аромат никого не оставит равнодушным. На 100 г мыльной основы обычно добавляют 5-7 капель отдушки, максимальное использование — до 2 % от веса основы. #Корень|Главная|Мыловарение|Ароматизаторы и отдушки|Косметические отдушки#111.png#100 мл#10#310.00
000112##Кокос#Отдушка косметическая Кокос#Яркий, солнечный, тропический аромат. Что и говорить — «Райское наслаждение». На 100 г мыльной основы обычно добавляют 5-7 капель отдушки, максимальное использование — до 2 % от веса основы. #Корень|Главная|Мыловарение|Ароматизаторы и отдушки|Косметические отдушки#112.png#10 мл#10#70.00
000112##Кокос#Отдушка косметическая Кокос#Яркий, солнечный, тропический аромат. Что и говорить — «Райское наслаждение». На 100 г мыльной основы обычно добавляют 5-7 капель отдушки, максимальное использование — до 2 % от веса основы. #Корень|Главная|Мыловарение|Ароматизаторы и отдушки|Косметические отдушки#112.png#100 гр#10#430.00
001148##Кола#Отдушка косметическая Кола#Сладкий аромат известного напитка. Дозировка: начните с 10-15 капель на 100 г основы, но, если в готовом мыле аромат "потерялся", то в следующий раз увеличивайте количество этой отдушки, вплоть до 2% от веса основы. #Корень|Главная|Мыловарение|Ароматизаторы и отдушки|Косметические отдушки#arom_cola.jpeg#10 мл#10#70.00
001148##Кола#Отдушка косметическая Кола#Сладкий аромат известного напитка. Дозировка: начните с 10-15 капель на 100 г основы, но, если в готовом мыле аромат "потерялся", то в следующий раз увеличивайте количество этой отдушки, вплоть до 2% от веса основы. #Корень|Главная|Мыловарение|Ароматизаторы и отдушки|Косметические отдушки#arom_cola.jpeg#100 мл#10#610.00
007583##Колокольчик#Отдушка косметическая Колокольчик#Добавьте 5-7 капель отдушки в мыло.#Корень|Главная|Мыловарение|Ароматизаторы и отдушки|Косметические отдушки#kolokolchik.jpeg#10 мл#10#70.00
007583##Колокольчик#Отдушка косметическая Колокольчик#Добавьте 5-7 капель отдушки в мыло.#Корень|Главная|Мыловарение|Ароматизаторы и отдушки|Косметические отдушки#kolokolchik.jpeg#100 мл#10#504.00
000113##Кофе#Отдушка косметическая Кофе#Мыло с бодрящим ароматом Кофе понравится как мужчинам, так и женщинам. На 100 г мыльной основы обычно добавляют 5-7 капель отдушки, максимальное использование — до 2 % от веса основы. #Корень|Главная|Мыловарение|Ароматизаторы и отдушки|Косметические отдушки#113.png#10 мл#10#70.00
000113##Кофе#Отдушка косметическая Кофе#Мыло с бодрящим ароматом Кофе понравится как мужчинам, так и женщинам. На 100 г мыльной основы обычно добавляют 5-7 капель отдушки, максимальное использование — до 2 % от веса основы. #Корень|Главная|Мыловарение|Ароматизаторы и отдушки|Косметические отдушки#113.png#100 мл#10#280.00
000114##Лаванда#Отдушка косметическая Лаванда#Теплый летний день и запах горных цветов Вы почувствуете в аромате Лаванда. На 100 г мыльной основы обычно добавляют 5-7 капель отдушки, максимальное использование — до 2 % от веса основы. #Корень|Главная|Мыловарение|Ароматизаторы и отдушки|Косметические отдушки#114.png#10 мл#10#70.00
000114##Лаванда#Отдушка косметическая Лаванда#Теплый летний день и запах горных цветов Вы почувствуете в аромате Лаванда. На 100 г мыльной основы обычно добавляют 5-7 капель отдушки, максимальное использование — до 2 % от веса основы. #Корень|Главная|Мыловарение|Ароматизаторы и отдушки|Косметические отдушки#114.png#100 мл#10#390.00
007586##Лайм ароматный#Отдушка косметическая Лайм ароматный#Добавьте 5-7 капель отдушки в мыло.#Корень|Главная|Мыловарение|Ароматизаторы и отдушки|Косметические отдушки#laym_aromatnyi.jpeg#10 мл#10#70.00
007586##Лайм ароматный#Отдушка косметическая Лайм ароматный#Добавьте 5-7 капель отдушки в мыло.#Корень|Главная|Мыловарение|Ароматизаторы и отдушки|Косметические отдушки#laym_aromatnyi.jpeg#100 мл#10#450.00
000115##Ландыш#Отдушка косметическая Ландыш#Нежный неповторимый аромат майских цветов создаст чувство радости и гармонии. На 100 г мыльной основы обычно добавляют 5-7 капель отдушки, максимальное использование — до 2 % от веса основы. #Корень|Главная|Мыловарение|Ароматизаторы и отдушки|Косметические отдушки#115.png#10 мл#10#70.00
000115##Ландыш#Отдушка косметическая Ландыш#Нежный неповторимый аромат майских цветов создаст чувство радости и гармонии. На 100 г мыльной основы обычно добавляют 5-7 капель отдушки, максимальное использование — до 2 % от веса основы. #Корень|Главная|Мыловарение|Ароматизаторы и отдушки|Косметические отдушки#115.png#100 мл#10#600.00
007587##Лепестки лета#Отдушка косметическая Лепестки лета#Добавьте 5-7 капель отдушки в мыло.#Корень|Главная|Мыловарение|Ароматизаторы и отдушки|Косметические отдушки#lepestki_leta.jpeg#10 мл#10#70.00
007587##Лепестки лета#Отдушка косметическая Лепестки лета#Добавьте 5-7 капель отдушки в мыло.#Корень|Главная|Мыловарение|Ароматизаторы и отдушки|Косметические отдушки#lepestki_leta.jpeg#100 мл#10#460.00
000117##Лимон#Отдушка косметическая Лимон#Свежий с горчинкой аромат Лимона подойдет для мыла как фруктовых, так и геометрических форм. На 100 г мыльной основы обычно добавляют 5-7 капель отдушки, максимальное использование — до 2 % от веса основы. #Корень|Главная|Мыловарение|Ароматизаторы и отдушки|Косметические отдушки#117.png#10 мл#10#70.00
000117##Лимон#Отдушка косметическая Лимон#Свежий с горчинкой аромат Лимона подойдет для мыла как фруктовых, так и геометрических форм. На 100 г мыльной основы обычно добавляют 5-7 капель отдушки, максимальное использование — до 2 % от веса основы. #Корень|Главная|Мыловарение|Ароматизаторы и отдушки|Косметические отдушки#117.png#100 мл#10#210.00
006071##Липовый цвет#Отдушка косметическая Липовый цвет#Утонченный, мягкий, нежный аромат цветов липы создаст весеннее настроение. На 100 г мыльной основы обычно добавляют 5-7 капель отдушки, максимальное использование — до 2 % от веса основы.#Корень|Главная|Мыловарение|Ароматизаторы и отдушки|Косметические отдушки#lipovyi_tsvet.jpeg#10 мл#10#70.00
006071##Липовый цвет#Отдушка косметическая Липовый цвет#Утонченный, мягкий, нежный аромат цветов липы создаст весеннее настроение. На 100 г мыльной основы обычно добавляют 5-7 капель отдушки, максимальное использование — до 2 % от веса основы.#Корень|Главная|Мыловарение|Ароматизаторы и отдушки|Косметические отдушки#lipovyi_tsvet.jpeg#100 мл#10#210.00
000119##Малина#Отдушка косметическая Малина#Яркий аромат ягод Малины украсит мыло или шампунь. На 100 г мыльной основы обычно добавляют 5-7 капель отдушки, максимальное использование — до 2 % от веса основы. #Корень|Главная|Мыловарение|Ароматизаторы и отдушки|Косметические отдушки#119.png#10 мл#10#70.00
000119##Малина#Отдушка косметическая Малина#Яркий аромат ягод Малины украсит мыло или шампунь. На 100 г мыльной основы обычно добавляют 5-7 капель отдушки, максимальное использование — до 2 % от веса основы. #Корень|Главная|Мыловарение|Ароматизаторы и отдушки|Косметические отдушки#119.png#100 мл#10#310.00
007588##Малиново-ежевичный пирог#Отдушка косметическая Малиново-ежевичный пирог#Добавьте 5-7 капель отдушки в мыло.#Корень|Главная|Мыловарение|Ароматизаторы и отдушки|Косметические отдушки#malinovo-ezhevichnyi_pirog.jpeg#10 мл#10#70.00
007588##Малиново-ежевичный пирог#Отдушка косметическая Малиново-ежевичный пирог#Добавьте 5-7 капель отдушки в мыло.#Корень|Главная|Мыловарение|Ароматизаторы и отдушки|Косметические отдушки#malinovo-ezhevichnyi_pirog.jpeg#100 мл#10#260.00
001674##Манго#Отдушка косметическая Манго#Ярко выраженный аромат лета и тропических фруктов. На 100 г мыльной основы обычно добавляют 5-7 капель отдушки, максимальное использование — до 2 % от веса основы. #Корень|Главная|Мыловарение|Ароматизаторы и отдушки|Косметические отдушки#mango1.jpeg#10 гр#10#70.00
007190##Мандарин и пряности#Отдушка косметическая Мандарин и пряности#Стойкий, солнечный, бодрящий аромат мандарина и пряостей. На 100 г мыльной основы обычно добавляют 5-7 капель отдушки, максимальное использование — до 2 % от веса основы. #Корень|Главная|Мыловарение|Ароматизаторы и отдушки|Косметические отдушки#apelsin_i_koritsa.jpeg#10 мл#10#70.00
007190##Мандарин и пряности#Отдушка косметическая Мандарин и пряности#Стойкий, солнечный, бодрящий аромат мандарина и пряостей. На 100 г мыльной основы обычно добавляют 5-7 капель отдушки, максимальное использование — до 2 % от веса основы. #Корень|Главная|Мыловарение|Ароматизаторы и отдушки|Косметические отдушки#apelsin_i_koritsa.jpeg#100 мл#10#540.00
007191##Мандариновое дерево#Отдушка косметическая Мандариновое дерево#На 100 г мыльной основы обычно добавляют 5-7 капель отдушки, максимальное использование — до 2 % от веса основы. #Корень|Главная|Мыловарение|Ароматизаторы и отдушки|Косметические отдушки#ylang-orange.jpeg#10 мл#10#70.00
007191##Мандариновое дерево#Отдушка косметическая Мандариновое дерево#На 100 г мыльной основы обычно добавляют 5-7 капель отдушки, максимальное использование — до 2 % от веса основы. #Корень|Главная|Мыловарение|Ароматизаторы и отдушки|Косметические отдушки#ylang-orange.jpeg#100 мл#10#560.00
001675##Мёд #Отдушка косметическая Мёд #Сладкий медовый аромат.#Корень|Главная|Мыловарение|Ароматизаторы и отдушки|Косметические отдушки#arom_honey.jpeg#10 мл#10#70.00
001675##Мёд #Отдушка косметическая Мёд #Сладкий медовый аромат.#Корень|Главная|Мыловарение|Ароматизаторы и отдушки|Косметические отдушки#arom_honey.jpeg#100 мл#10#300.00
000899##Мед и молоко#Отдушка косметическая Мед и молоко#Сладкий медовый аромат.#Корень|Главная|Мыловарение|Ароматизаторы и отдушки|Косметические отдушки#arom_honey_milk.png#10 мл#10#70.00
000899##Мед и молоко#Отдушка косметическая Мед и молоко#Сладкий медовый аромат.#Корень|Главная|Мыловарение|Ароматизаторы и отдушки|Косметические отдушки#arom_honey_milk.png#100 мл#10#420.00
000124##Миндаль сладкий#Отдушка косметическая Миндаль сладкий#Теплый, пряный, ореховый аромат Миндаля сладкий. На 100 г мыльной основы обычно добавляют 5-7 капель отдушки, максимальное использование — до 2 % от веса основы. #Корень|Главная|Мыловарение|Ароматизаторы и отдушки|Косметические отдушки#124.png#10 мл#10#70.00
000124##Миндаль сладкий#Отдушка косметическая Миндаль сладкий#Теплый, пряный, ореховый аромат Миндаля сладкий. На 100 г мыльной основы обычно добавляют 5-7 капель отдушки, максимальное использование — до 2 % от веса основы. #Корень|Главная|Мыловарение|Ароматизаторы и отдушки|Косметические отдушки#124.png#100 мл#10#270.00
007091##Морской воздух#Отдушка косметическая Морской воздух#Отдушка косметическая Морской воздух. На 100 г мыльной основы обычно добавляют 5-7 капель отдушки, максимальное использование — до 2 % от веса основы. #Корень|Главная|Мыловарение|Ароматизаторы и отдушки|Косметические отдушки#morskoy_vozdukh.jpeg#10 мл#10#70.00
007091##Морской воздух#Отдушка косметическая Морской воздух#Отдушка косметическая Морской воздух. На 100 г мыльной основы обычно добавляют 5-7 капель отдушки, максимальное использование — до 2 % от веса основы. #Корень|Главная|Мыловарение|Ароматизаторы и отдушки|Косметические отдушки#morskoy_vozdukh.jpeg#100 мл#10#310.00
001149##Мята#Отдушка косметическая Мята#Характерный мятный аромат. Дозировка: начните с 10-15 капель на 100 г основы, но, если в готовом мыле аромат "потерялся", то в следующий раз увеличивайте количество этой отдушки, вплоть до 2% от веса основы. #Корень|Главная|Мыловарение|Ароматизаторы и отдушки|Косметические отдушки#arom_mint.jpeg#10 мл#10#70.00
001149##Мята#Отдушка косметическая Мята#Характерный мятный аромат. Дозировка: начните с 10-15 капель на 100 г основы, но, если в готовом мыле аромат "потерялся", то в следующий раз увеличивайте количество этой отдушки, вплоть до 2% от веса основы. #Корень|Главная|Мыловарение|Ароматизаторы и отдушки|Косметические отдушки#arom_mint.jpeg#100 мл#10#430.00
06a311##Новогодняя#Отдушка косметическая Новогодняя#Праздничная композиция ароматов хвои, лимона и карамели. На 100 г мыльной основы обычно добавляют 5-7 капель отдушки, максимальное использование — до 2 % от веса основы. #Корень|Главная|Мыловарение|Ароматизаторы и отдушки|Косметические отдушки#novogodnyaya.jpeg#10 мл#10#70.00
06a311##Новогодняя#Отдушка косметическая Новогодняя#Праздничная композиция ароматов хвои, лимона и карамели. На 100 г мыльной основы обычно добавляют 5-7 капель отдушки, максимальное использование — до 2 % от веса основы. #Корень|Главная|Мыловарение|Ароматизаторы и отдушки|Косметические отдушки#novogodnyaya.jpeg#100 мл#10#450.00
007231##Орхидея и лотос#Отдушка косметическая Орхидея и лотос#Изысканный тонкий букет экзотических цветов. На 100 г мыльной основы обычно добавляют 5-7 капель отдушки, максимальное использование — до 2 % от веса основы. #Корень|Главная|Мыловарение|Ароматизаторы и отдушки|Косметические отдушки#orkhideya_i_lotos.jpeg#10 мл#10#70.00
007231##Орхидея и лотос#Отдушка косметическая Орхидея и лотос#Изысканный тонкий букет экзотических цветов. На 100 г мыльной основы обычно добавляют 5-7 капель отдушки, максимальное использование — до 2 % от веса основы. #Корень|Главная|Мыловарение|Ароматизаторы и отдушки|Косметические отдушки#orkhideya_i_lotos.jpeg#100 мл#10#260.00
001677##Папайя#Отдушка косметическая Папайя#Ярко выраженный аромат лета и тропических фруктов. На 100 г мыльной основы обычно добавляют 5-7 капель отдушки, максимальное использование — до 2 % от веса основы. #Корень|Главная|Мыловарение|Ароматизаторы и отдушки|Косметические отдушки#papaja.jpeg#10 мл#10#70.00
001677##Папайя#Отдушка косметическая Папайя#Ярко выраженный аромат лета и тропических фруктов. На 100 г мыльной основы обычно добавляют 5-7 капель отдушки, максимальное использование — до 2 % от веса основы. #Корень|Главная|Мыловарение|Ароматизаторы и отдушки|Косметические отдушки#papaja.jpeg#100 мл#10#300.00
000129##Персик#Отдушка косметическая Персик#Теплым, сладким ароматом персика можно дополнить мыло и другие косметические средства. Этот аромат любят дети. На 100 г мыльной основы обычно добавляют 5-7 капель отдушки, максимальное использование — до 2 % от веса основы. #Корень|Главная|Мыловарение|Ароматизаторы и отдушки|Косметические отдушки#129.png#10 мл#10#70.00
000129##Персик#Отдушка косметическая Персик#Теплым, сладким ароматом персика можно дополнить мыло и другие косметические средства. Этот аромат любят дети. На 100 г мыльной основы обычно добавляют 5-7 капель отдушки, максимальное использование — до 2 % от веса основы. #Корень|Главная|Мыловарение|Ароматизаторы и отдушки|Косметические отдушки#129.png#100 мл#10#400.00
000132##Роза#Отдушка косметическая Роза#Изысканный аромат Розы подойдет для любого косметического средства. На 100 г мыльной основы обычно добавляют 5-7 капель отдушки, максимальное использование — до 2 % от веса основы. #Корень|Главная|Мыловарение|Ароматизаторы и отдушки|Косметические отдушки#132.png#10 мл#10#70.00
000132##Роза#Отдушка косметическая Роза#Изысканный аромат Розы подойдет для любого косметического средства. На 100 г мыльной основы обычно добавляют 5-7 капель отдушки, максимальное использование — до 2 % от веса основы. #Корень|Главная|Мыловарение|Ароматизаторы и отдушки|Косметические отдушки#132.png#100 гр#10#350.00
001672##Ромашкa#Отдушка косметическая Ромашкa#На 100 г мыльной основы обычно добавляют 5-7 капель отдушки, максимальное использование — до 2 % от веса основы. #Корень|Главная|Мыловарение|Ароматизаторы и отдушки|Косметические отдушки#romashka.jpeg#10 мл#10#70.00
006142##Сангрия#Отдушка косметическая Сангрия#Пряно-фруктовый пьянящий аромат. На 100 г мыльной основы обычно добавляют 5-7 капель отдушки, максимальное использование — до 2 % от веса основы. #Корень|Главная|Мыловарение|Ароматизаторы и отдушки|Косметические отдушки#sangriya.jpeg#10 мл#10#70.00
006142##Сангрия#Отдушка косметическая Сангрия#Пряно-фруктовый пьянящий аромат. На 100 г мыльной основы обычно добавляют 5-7 капель отдушки, максимальное использование — до 2 % от веса основы. #Корень|Главная|Мыловарение|Ароматизаторы и отдушки|Косметические отдушки#sangriya.jpeg#100 мл#10#360.00
007092##Сибирская ель#Отдушка косметическая Сибирская ель#Отдушка косметическая Сибирская ель. На 100 г мыльной основы обычно добавляют 5-7 капель отдушки, максимальное использование — до 2 % от веса основы. #Корень|Главная|Мыловарение|Ароматизаторы и отдушки|Косметические отдушки#sibirskaya_el.jpeg#10 мл#10#70.00
007092##Сибирская ель#Отдушка косметическая Сибирская ель#Отдушка косметическая Сибирская ель. На 100 г мыльной основы обычно добавляют 5-7 капель отдушки, максимальное использование — до 2 % от веса основы. #Корень|Главная|Мыловарение|Ароматизаторы и отдушки|Косметические отдушки#sibirskaya_el.jpeg#100 мл#10#400.00
006072##Сирeнь #Отдушка косметическая Сирeнь #Утонченный, мягкий, нежный аромат сирени создаст весеннее настроение. На 100 г мыльной основы обычно добавляют 5-7 капель отдушки, максимальное использование — до 2 % от веса основы.#Корень|Главная|Мыловарение|Ароматизаторы и отдушки|Косметические отдушки#134.png#10 мл#10#70.00
006072##Сирeнь #Отдушка косметическая Сирeнь #Утонченный, мягкий, нежный аромат сирени создаст весеннее настроение. На 100 г мыльной основы обычно добавляют 5-7 капель отдушки, максимальное использование — до 2 % от веса основы.#Корень|Главная|Мыловарение|Ароматизаторы и отдушки|Косметические отдушки#134.png#100 мл#10#540.00
000134##Сирень и липовый цвет#Отдушка косметическая Сирень и липовый цвет#Утонченный, мягкий, нежный аромат сирени и липы создаст весеннее настроение. На 100 г мыльной основы обычно добавляют 5-7 капель отдушки, максимальное использование — до 2 % от веса основы. Отдушка рекомендована для мыла с нуля!#Корень|Главная|Мыловарение|Ароматизаторы и отдушки|Косметические отдушки#134.png#10 мл#10#70.00
000134##Сирень и липовый цвет#Отдушка косметическая Сирень и липовый цвет#Утонченный, мягкий, нежный аромат сирени и липы создаст весеннее настроение. На 100 г мыльной основы обычно добавляют 5-7 капель отдушки, максимальное использование — до 2 % от веса основы. Отдушка рекомендована для мыла с нуля!#Корень|Главная|Мыловарение|Ароматизаторы и отдушки|Косметические отдушки#134.png#100 гр#10#540.00
007093##Сладкая выпечка#Отдушка косметическая Сладкая выпечка#Отдушка косметическая Сладкая выпечка. На 100 г мыльной основы обычно добавляют 5-7 капель отдушки, максимальное использование — до 2 % от веса основы. #Корень|Главная|Мыловарение|Ароматизаторы и отдушки|Косметические отдушки#sladkaya_vypechka.jpeg#10 мл#10#70.00
007093##Сладкая выпечка#Отдушка косметическая Сладкая выпечка#Отдушка косметическая Сладкая выпечка. На 100 г мыльной основы обычно добавляют 5-7 капель отдушки, максимальное использование — до 2 % от веса основы. #Корень|Главная|Мыловарение|Ароматизаторы и отдушки|Косметические отдушки#sladkaya_vypechka.jpeg#100 мл#10#380.00
001679##Тирамису#Отдушка косметическая Тирамису#Сладкий аромат всеми любимого десерта. Дозировка: начните с 10-15 капель на 100 г основы, но, если в готовом мыле аромат "потерялся", то в следующий раз увеличивайте количество этой отдушки, вплоть до 2% от веса основы. #Корень|Главная|Мыловарение|Ароматизаторы и отдушки|Косметические отдушки#tiramisy.jpeg#10 мл#10#70.00
001679##Тирамису#Отдушка косметическая Тирамису#Сладкий аромат всеми любимого десерта. Дозировка: начните с 10-15 капель на 100 г основы, но, если в готовом мыле аромат "потерялся", то в следующий раз увеличивайте количество этой отдушки, вплоть до 2% от веса основы. #Корень|Главная|Мыловарение|Ароматизаторы и отдушки|Косметические отдушки#tiramisy.jpeg#100 мл#10#280.00
000896##Тропический закат#Тропический закат#Яркий "знойный" фруктовый аромат. #Корень|Главная|Мыловарение|Ароматизаторы и отдушки|Косметические отдушки#arom_tropical sunset.png#10 мл#10#70.00
000896##Тропический закат#Тропический закат#Яркий "знойный" фруктовый аромат. #Корень|Главная|Мыловарение|Ароматизаторы и отдушки|Косметические отдушки#arom_tropical sunset.png#100 мл#10#400.00
000136##Тутти-Фрутти#Отдушка косметическая Тутти-Фрутти#Все разнообразие фруктовых ароматов в одном флаконе. На 100 г мыльной основы обычно добавляют 5-7 капель отдушки, максимальное использование — до 2 % от веса основы. #Корень|Главная|Мыловарение|Ароматизаторы и отдушки|Косметические отдушки#136.png#10 мл#10#70.00
000136##Тутти-Фрутти#Отдушка косметическая Тутти-Фрутти#Все разнообразие фруктовых ароматов в одном флаконе. На 100 г мыльной основы обычно добавляют 5-7 капель отдушки, максимальное использование — до 2 % от веса основы. #Корень|Главная|Мыловарение|Ароматизаторы и отдушки|Косметические отдушки#136.png#100 мл#10#280.00
007589##Тюльпан#Отдушка косметическая Тюльпан#Добавьте 5-7 капель отдушки в мыло.#Корень|Главная|Мыловарение|Ароматизаторы и отдушки|Косметические отдушки#tyulpan.jpeg#10 мл#10#70.00
007589##Тюльпан#Отдушка косметическая Тюльпан#Добавьте 5-7 капель отдушки в мыло.#Корень|Главная|Мыловарение|Ароматизаторы и отдушки|Косметические отдушки#tyulpan.jpeg#100 мл#10#540.00
000137##Фиалка#Отдушка косметическая Фиалка#Нежный тонкий аромат Фиалки. На 100 г мыльной основы обычно добавляют 5-7 капель отдушки, максимальное использование — до 2 % от веса основы. #Корень|Главная|Мыловарение|Ароматизаторы и отдушки|Косметические отдушки#137.png#10 мл#10#70.00
000137##Фиалка#Отдушка косметическая Фиалка#Нежный тонкий аромат Фиалки. На 100 г мыльной основы обычно добавляют 5-7 капель отдушки, максимальное использование — до 2 % от веса основы. #Корень|Главная|Мыловарение|Ароматизаторы и отдушки|Косметические отдушки#137.png#100 мл#10#220.00
006148##Фруктово-ягодный фреш#Отдушка косметическая Фруктово-ягодный фреш#Яркий аромат фруктов и ягод. На 100 г мыльной основы обычно добавляют 5-7 капель отдушки, максимальное использование — до 2 % от веса основы. #Корень|Главная|Мыловарение|Ароматизаторы и отдушки|Косметические отдушки#fruktovo-yagodnyi_fresh.jpeg#10 мл#10#70.00
006148##Фруктово-ягодный фреш#Отдушка косметическая Фруктово-ягодный фреш#Яркий аромат фруктов и ягод. На 100 г мыльной основы обычно добавляют 5-7 капель отдушки, максимальное использование — до 2 % от веса основы. #Корень|Главная|Мыловарение|Ароматизаторы и отдушки|Косметические отдушки#fruktovo-yagodnyi_fresh.jpeg#100 мл#10#460.00
000966##Хвоя#Отдушка косметическая Хвоя#Аромат хвои. Новогодний аромат.#Корень|Главная|Мыловарение|Ароматизаторы и отдушки|Косметические отдушки#arom_branches.png#10 мл#10#70.00
000966##Хвоя#Отдушка косметическая Хвоя#Аромат хвои. Новогодний аромат.#Корень|Главная|Мыловарение|Ароматизаторы и отдушки|Косметические отдушки#arom_branches.png#100 мл#10#574.00
000140##Цветок ванили#Отдушка косметическая Цветок ванили#Легкий цветочный аромат со сладким оттенком ванили хорошо подойдет как для мыла, так и для кремов или парфюма. На 100 г мыльной основы обычно добавляют 5-7 капель отдушки, максимальное использование — до 2 % от веса основы. #Корень|Главная|Мыловарение|Ароматизаторы и отдушки|Косметические отдушки#140.png#10 мл#10#70.00
007232##Цветок франжипани#Отдушка косметическая Цветок франжипани#Сладкий, пикантный, чарующий аромат знаменитого цветка. На 100 г мыльной основы обычно добавляют 5-7 капель отдушки, максимальное использование — до 2 % от веса основы. #Корень|Главная|Мыловарение|Ароматизаторы и отдушки|Косметические отдушки#tsvetok_franzhipani.jpeg#10 мл#10#70.00
007232##Цветок франжипани#Отдушка косметическая Цветок франжипани#Сладкий, пикантный, чарующий аромат знаменитого цветка. На 100 г мыльной основы обычно добавляют 5-7 капель отдушки, максимальное использование — до 2 % от веса основы. #Корень|Главная|Мыловарение|Ароматизаторы и отдушки|Косметические отдушки#tsvetok_franzhipani.jpeg#100 мл#10#560.00
007233##Цветущие луга#Отдушка косметическая Цветущие луга#Аромат, сочетающий терпкость трав, свежесть весеннего ветра и медовую сладость полевых цветов. На 100 г мыльной основы обычно добавляют 5-7 капель отдушки, максимальное использование — до 2 % от веса основы. #Корень|Главная|Мыловарение|Ароматизаторы и отдушки|Косметические отдушки#tsvetushchie_luga.jpeg#10 мл#10#70.00
007233##Цветущие луга#Отдушка косметическая Цветущие луга#Аромат, сочетающий терпкость трав, свежесть весеннего ветра и медовую сладость полевых цветов. На 100 г мыльной основы обычно добавляют 5-7 капель отдушки, максимальное использование — до 2 % от веса основы. #Корень|Главная|Мыловарение|Ароматизаторы и отдушки|Косметические отдушки#tsvetushchie_luga.jpeg#100 мл#10#210.00
000142##Чай на льду#Отдушка косметическая Чай на льду#Бодрящий, освежающий аромат. На 100 г мыльной основы обычно добавляют 5-7 капель отдушки, максимальное использование — до 2 % от веса основы. #Корень|Главная|Мыловарение|Ароматизаторы и отдушки|Косметические отдушки#142.png#10 мл#10#70.00
000142##Чай на льду#Отдушка косметическая Чай на льду#Бодрящий, освежающий аромат. На 100 г мыльной основы обычно добавляют 5-7 капель отдушки, максимальное использование — до 2 % от веса основы. #Корень|Главная|Мыловарение|Ароматизаторы и отдушки|Косметические отдушки#142.png#100 мл#10#440.00
006144##Чайная церемония#Отдушка косметическая Чайная церемония#Тонкий аромат. зелёного чая, цветов и плодов На 100 г мыльной основы обычно добавляют 5-7 капель отдушки, максимальное использование — до 2 % от веса основы. #Корень|Главная|Мыловарение|Ароматизаторы и отдушки|Косметические отдушки#chaynaya_tseremoniya.jpeg#10 мл#10#70.00
006144##Чайная церемония#Отдушка косметическая Чайная церемония#Тонкий аромат. зелёного чая, цветов и плодов На 100 г мыльной основы обычно добавляют 5-7 капель отдушки, максимальное использование — до 2 % от веса основы. #Корень|Главная|Мыловарение|Ароматизаторы и отдушки|Косметические отдушки#chaynaya_tseremoniya.jpeg#100 мл#10#500.00
007590##Чёрная орхидея#Отдушка косметическая Чёрная орхидея#Добавьте 5-7 капель отдушки в мыло.#Корень|Главная|Мыловарение|Ароматизаторы и отдушки|Косметические отдушки#chernaya_orkhideya.jpeg#10 мл#10#70.00
007590##Чёрная орхидея#Отдушка косметическая Чёрная орхидея#Добавьте 5-7 капель отдушки в мыло.#Корень|Главная|Мыловарение|Ароматизаторы и отдушки|Косметические отдушки#chernaya_orkhideya.jpeg#100 мл#10#470.00
000143##Черная смородина#Отдушка косметическая Черная смородина#Яркий насыщенный аромат Черной смородины украсит мыло или шампунь. На 100 г мыльной основы обычно добавляют 5-7 капель отдушки, максимальное использование — до 2 % от веса основы. #Корень|Главная|Мыловарение|Ароматизаторы и отдушки|Косметические отдушки#143.png#10 мл#10#70.00
000143##Черная смородина#Отдушка косметическая Черная смородина#Яркий насыщенный аромат Черной смородины украсит мыло или шампунь. На 100 г мыльной основы обычно добавляют 5-7 капель отдушки, максимальное использование — до 2 % от веса основы. #Корень|Главная|Мыловарение|Ароматизаторы и отдушки|Косметические отдушки#143.png#100 мл#10#300.00
001680##Шоколад#Отдушка косметическая Шоколад#Прекрасный аромат для "кондитерского" мыла.#Корень|Главная|Мыловарение|Ароматизаторы и отдушки|Косметические отдушки#arom_choco.jpeg#10 мл#10#100.00
001680##Шоколад#Отдушка косметическая Шоколад#Прекрасный аромат для "кондитерского" мыла.#Корень|Главная|Мыловарение|Ароматизаторы и отдушки|Косметические отдушки#arom_choco.jpeg#100 мл#10#650.00
000965##Шоколад и мандарин#Отдушка косметическая Шоколад и мандарин#Отдушка сочетает ароматы шоколада и мандарина. Новогодний аромат.#Корень|Главная|Мыловарение|Ароматизаторы и отдушки|Косметические отдушки#arom_choco_mandarin.png#10 мл#10#100.00
000146##Яблоко#Отдушка косметическая Яблоко#Запах Яблока напомнит о лете в зимнее время, освежит и поднимет настроение. Яркий аромат ягод Малины украсит мыло или шампунь. На 100 г мыльной основы обычно добавляют 5-7 капель отдушки, максимальное использование — до 2 % от веса основы. #Корень|Главная|Мыловарение|Ароматизаторы и отдушки|Косметические отдушки#146.png#10 мл#10#70.00
000146##Яблоко#Отдушка косметическая Яблоко#Запах Яблока напомнит о лете в зимнее время, освежит и поднимет настроение. Яркий аромат ягод Малины украсит мыло или шампунь. На 100 г мыльной основы обычно добавляют 5-7 капель отдушки, максимальное использование — до 2 % от веса основы. #Корень|Главная|Мыловарение|Ароматизаторы и отдушки|Косметические отдушки#146.png#100 гр#10#300.00
006290##Яблоко в карамели#Отдушка косметическая Яблоко в карамели#Аромат популярного десерта#Корень|Главная|Мыловарение|Ароматизаторы и отдушки|Косметические отдушки#yabloko_v_karameli.jpeg#10 мл#10#70.00
006290##Яблоко в карамели#Отдушка косметическая Яблоко в карамели#Аромат популярного десерта#Корень|Главная|Мыловарение|Ароматизаторы и отдушки|Косметические отдушки#yabloko_v_karameli.jpeg#100 мл#10#500.00
000147##Яблоко и мята#Отдушка косметическая Яблоко и мята#Яблочный аромат с оттенком мяты создадут ощущение легкости, свежести и поднимут настроение. Яркий аромат ягод Малины украсит мыло или шампунь. На 100 г мыльной основы обычно добавляют 5-7 капель отдушки, максимальное использование — до 2 % от веса основы. #Корень|Главная|Мыловарение|Ароматизаторы и отдушки|Косметические отдушки#147.png#10 мл#10#70.00
006145##Ягода асаи#Отдушка косметическая Ягода асаи#Аромат сочной тропической ягоды. На 100 г мыльной основы обычно добавляют 5-7 капель отдушки, максимальное использование — до 2 % от веса основы. #Корень|Главная|Мыловарение|Ароматизаторы и отдушки|Косметические отдушки#yagoda_asai.jpeg#10 мл#10#70.00
006145##Ягода асаи#Отдушка косметическая Ягода асаи#Аромат сочной тропической ягоды. На 100 г мыльной основы обычно добавляют 5-7 капель отдушки, максимальное использование — до 2 % от веса основы. #Корень|Главная|Мыловарение|Ароматизаторы и отдушки|Косметические отдушки#yagoda_asai.jpeg#100 мл#10#420.00
