007860##Фетр бежевый#Фетр бежевый#Фетр бежевый. Размер листа 30х20 см.#Корень|Главная|Товары для творчества|Фоамиран и фетр|Фетр#fetr_bezhevyi_melanzh.jpeg#1 шт#10#35.00
007861##Фетр белый#Фетр белый#Фетр белый. Размер листа 30х20 см.#Корень|Главная|Товары для творчества|Фоамиран и фетр|Фетр#fetr_belyi.jpeg#1 шт#10#35.00
007862##Фетр бирюза#Фетр бирюза#Фетр бирюза. Размер листа 30х20 см.#Корень|Главная|Товары для творчества|Фоамиран и фетр|Фетр#fetr_biryuza.jpeg#1 шт#10#35.00
007863##Фетр бледно-голубой#Фетр бледно-голубой#Фетр бледно-голубой. Размер листа 30х20 см.#Корень|Главная|Товары для творчества|Фоамиран и фетр|Фетр#fetr_bledno-goluboy.jpeg#1 шт#10#35.00
007864##Фетр бледно-розовый#Фетр бледно-розовый#Фетр бледно-розовый. Размер листа 30х20 см.#Корень|Главная|Товары для творчества|Фоамиран и фетр|Фетр#fetr_bledno-rozovyi.jpeg#1 шт#10#35.00
007866##Фетр голубой#Фетр голубой#Фетр голубой. Размер листа 30х20 см.#Корень|Главная|Товары для творчества|Фоамиран и фетр|Фетр#fetr_goluboy.jpeg#1 шт#10#35.00
007736##Фетр грязно-белый#Фетр грязно-белый#Фетр грязно-белый. Размер листа 30х20 см.#Корень|Главная|Товары для творчества|Фоамиран и фетр|Фетр#fetr_gryazno-belyi.jpeg#1 шт#10#35.00
007868##Фетр желтый#Фетр желтый#Фетр желтый. Размер листа 30х20 см.#Корень|Главная|Товары для творчества|Фоамиран и фетр|Фетр#fetr_zheltyi.jpeg#1 шт#10#35.00
007869##Фетр зеленый#Фетр зеленый#Фетр зеленый. Размер листа 30х20 см.#Корень|Главная|Товары для творчества|Фоамиран и фетр|Фетр#fetr_zelenyi.jpeg#1 шт#10#35.00
007870##Фетр золотой#Фетр золотой#Фетр золотой. Размер листа 30х20 см.#Корень|Главная|Товары для творчества|Фоамиран и фетр|Фетр#fetr_zolotoy.jpeg#1 шт#10#35.00
007871##Фетр коричневый#Фетр коричневый#Фетр коричневый. Размер листа 30х20 см.#Корень|Главная|Товары для творчества|Фоамиран и фетр|Фетр#fetr_korichnevyi.jpeg#1 шт#10#35.00
007872##Фетр красный#Фетр красный#Фетр красный. Размер листа 30х20 см.#Корень|Главная|Товары для творчества|Фоамиран и фетр|Фетр#fetr_krasnyi.jpeg#1 шт#10#35.00
007737##Фетр кремовый#Фетр кремовый#Фетр кремовый. Размер листа 30х20 см.#Корень|Главная|Товары для творчества|Фоамиран и фетр|Фетр#fetr_kremovyi.jpeg#1 шт#10#35.00
007873##Фетр лесная зелень#Фетр лесная зелень#Фетр лесная зелень. Размер листа 30х20 см.#Корень|Главная|Товары для творчества|Фоамиран и фетр|Фетр#fetr_lesnaya_zelen.jpeg#1 шт#10#35.00
007874##Фетр лимон#Фетр лимон#Фетр лимон. Размер листа 30х20 см.#Корень|Главная|Товары для творчества|Фоамиран и фетр|Фетр#fetr_limon.jpeg#1 шт#10#35.00
007875##Фетр морская волна#Фетр морская волна#Фетр морская волна. Размер листа 30х20 см.#Корень|Главная|Товары для творчества|Фоамиран и фетр|Фетр#fetr_morskaya_volna.jpeg#1 шт#10#35.00
007876##Фетр огненный#Фетр огненный#Фетр огненный. Размер листа 30х20 см.#Корень|Главная|Товары для творчества|Фоамиран и фетр|Фетр#fetr_ognennyi.jpeg#1 шт#10#35.00
007877##Фетр оливковый#Фетр оливковый#Фетр оливковый. Размер листа 30х20 см.#Корень|Главная|Товары для творчества|Фоамиран и фетр|Фетр#fetr_olivkovyi.jpeg#1 шт#10#35.00
007878##Фетр розовый#Фетр розовый#Фетр розовый. Размер листа 30х20 см.#Корень|Главная|Товары для творчества|Фоамиран и фетр|Фетр#fetr_rozovyi.jpeg#1 шт#10#35.00
007879##Фетр рубин#Фетр рубин#Фетр рубин. Размер листа 30х20 см.#Корень|Главная|Товары для творчества|Фоамиран и фетр|Фетр#fetr_rubin.jpeg#1 шт#10#35.00
007850##Фетр салатовый#Фетр салатовый#Фетр салатовый. Размер листа 30х20 см.#Корень|Главная|Товары для творчества|Фоамиран и фетр|Фетр#fetr_salatovyi.jpeg#1 коп#10#35.00
007851##Фетр светло-желтый#Фетр светло-желтый#Фетр светло-желтый. Размер листа 30х20 см.#Корень|Главная|Товары для творчества|Фоамиран и фетр|Фетр#fetr_svetlo-zheltyi.jpeg#1 шт#10#35.00
007738##Фетр светло-серый меланж#Фетр светло-серый меланж#Фетр светло-серый меланж. Размер листа 30х20 см.#Корень|Главная|Товары для творчества|Фоамиран и фетр|Фетр#fetr_svetlo-seryi_melanzh.jpeg#1 шт#10#35.00
007853##Фетр светлый красный#Фетр светлый красный#Фетр светлый красный. Размер листа 30х20 см.#Корень|Главная|Товары для творчества|Фоамиран и фетр|Фетр#fetr_svetlyi_krasnyi.jpeg#1 шт#10#35.00
007855##Фетр серо-коричневый#Фетр серо-коричневый#Фетр серо-коричневый. Размер листа 30х20 см.#Корень|Главная|Товары для творчества|Фоамиран и фетр|Фетр#fetr_sero-korichnevyi.jpeg#1 коп#10#35.00
007857##Фетр серый#Фетр серый#Фетр серый. Размер листа 30х20 см.#Корень|Главная|Товары для творчества|Фоамиран и фетр|Фетр#fetr_seryi.jpeg#1 шт#10#35.00
007856##Фетр серый меланж#Фетр серый меланж#Фетр серый меланж. Размер листа 30х20 см.#Корень|Главная|Товары для творчества|Фоамиран и фетр|Фетр#fetr_seryi_melanzh.jpeg#1 шт#10#35.00
007858##Фетр синий#Фетр синий#Фетр синий. Размер листа 30х20 см.#Корень|Главная|Товары для творчества|Фоамиран и фетр|Фетр#fetr_siniy.jpeg#1 шт#10#35.00
007859##Фетр сиреневый#Фетр сиреневый#Фетр сиреневый. Размер листа 30х20 см.#Корень|Главная|Товары для творчества|Фоамиран и фетр|Фетр#fetr_sirenevyi.jpeg#1 шт#10#35.00
007840##Фетр темно-желтый#Фетр темно-желтый#Фетр темно-желтый. Размер листа 30х20 см.#Корень|Главная|Товары для творчества|Фоамиран и фетр|Фетр#fetr_temno-zheltyi.jpeg#1 шт#10#35.00
007841##Фетр темно-коричневый#Фетр темно-коричневый#Фетр темно-коричневый. Размер листа 30х20 см.#Корень|Главная|Товары для творчества|Фоамиран и фетр|Фетр#fetr_temno-korichnevyi.jpeg#1 шт#10#35.00
007844##Фетр темно-розовый#Фетр темно-розовый#Фетр темно-розовый. Размер листа 30х20 см.#Корень|Главная|Товары для творчества|Фоамиран и фетр|Фетр#fetr_temno-rozovyi.jpeg#1 шт#10#35.00
007845##Фетр холодный зеленый#Фетр холодный зеленый#Фетр холодный зеленый. Размер листа 30х20 см.#Корень|Главная|Товары для творчества|Фоамиран и фетр|Фетр#fetr_kholodnyi_zelenyi.jpeg#1 шт#10#35.00
007846##Фетр холодный сиреневый#Фетр холодный сиреневый#Фетр холодный сиреневый. Размер листа 30х20 см.#Корень|Главная|Товары для творчества|Фоамиран и фетр|Фетр#fetr_kholodnyi_sirenevyi.jpeg#1 шт#10#35.00
007847##Фетр чайная роза#Фетр чайная роза#Фетр чайная роза. Размер листа 30х20 см.#Корень|Главная|Товары для творчества|Фоамиран и фетр|Фетр#fetr_chaynaya_roza.jpeg#1 шт#10#35.00
007848##Фетр черный#Фетр черный#Фетр черный. Размер листа 30х20 см.#Корень|Главная|Товары для творчества|Фоамиран и фетр|Фетр#fetr_chernyi.jpeg#1 шт#10#35.00
007849##Фетр яркий коричневый#Фетр яркий коричневый#Фетр яркий коричневый. Размер листа 30х20 см.#Корень|Главная|Товары для творчества|Фоамиран и фетр|Фетр#fetr_yarkiy_korichnevyi.jpeg#1 шт#10#35.00
007830##Фетр ярко-розовый#Фетр ярко-розовый#Фетр ярко-розовый. Размер листа 30х20 см.#Корень|Главная|Товары для творчества|Фоамиран и фетр|Фетр#fetr_yarko-rozovyi.jpeg#1 коп#10#35.00
