mo7907##Искусственные тычинки, темно-желтые#Искусственные тычинки, цвет темно-желтый, длина 60 мм.#Искусственные тычинки, цвет темно-желтый, длина 60 мм. В комплекте 30 шт. Цена за 1 комплект.#Корень|Главная|Товары для творчества|Фоамиран и фетр#iskusstvennye_tychinki__temno-zheltye.jpeg#30 шт#10#30.00
mo7906##Искусственные тычинки, черные#Искусственные тычинки, цвет черный, длина 60 мм.#Искусственные тычинки, цвет черный, длина 60 мм. В комплекте 30 шт. Цена за 1 комплект.#Корень|Главная|Товары для творчества|Фоамиран и фетр#iskusstvennye_tychinki__chernye.jpeg#30 шт#10#30.00
002967##Фоамиран Айвори (слоновая кость)#Фоамиран Айвори (слоновая кость)#Фоамиран. Лист размером 70*60 см. Из листа вырезают элемент, нагревают его, например, с помощью утюга и придают необходимую форму вручную или на специальном молде. При остывании фоамиран сохраняет свою форму. Таким образом можно изготовить различные цветы, а также украшения с цветами#Корень|Главная|Товары для творчества|Фоамиран и фетр#201504071565.jpeg#1 лист#10#95.00
002967##Фоамиран Айвори (слоновая кость)#Фоамиран Айвори (слоновая кость)#Фоамиран. Лист размером 70*60 см. Из листа вырезают элемент, нагревают его, например, с помощью утюга и придают необходимую форму вручную или на специальном молде. При остывании фоамиран сохраняет свою форму. Таким образом можно изготовить различные цветы, а также украшения с цветами#Корень|Главная|Товары для творчества|Фоамиран и фетр#201504071565.jpeg#300 мм#10#35.00
002967##Фоамиран Айвори (слоновая кость)#Фоамиран Айвори (слоновая кость)#Фоамиран. Лист размером 70*60 см. Из листа вырезают элемент, нагревают его, например, с помощью утюга и придают необходимую форму вручную или на специальном молде. При остывании фоамиран сохраняет свою форму. Таким образом можно изготовить различные цветы, а также украшения с цветами#Корень|Главная|Товары для творчества|Фоамиран и фетр#201504071565.jpeg#10 лист#10#850.00
002984##Фоамиран Аквамарин#Фоамиран Аквамарин#Фоамиран. Лист размером 70*60 см. Из листа вырезают элемент, нагревают его, например, с помощью утюга и придают необходимую форму вручную или на специальном молде. При остывании фоамиран сохраняет свою форму. Таким образом можно изготовить различные цветы, а также украшения с цветами#Корень|Главная|Товары для творчества|Фоамиран и фетр#201504071888.jpeg#1 лист#10#95.00
002984##Фоамиран Аквамарин#Фоамиран Аквамарин#Фоамиран. Лист размером 70*60 см. Из листа вырезают элемент, нагревают его, например, с помощью утюга и придают необходимую форму вручную или на специальном молде. При остывании фоамиран сохраняет свою форму. Таким образом можно изготовить различные цветы, а также украшения с цветами#Корень|Главная|Товары для творчества|Фоамиран и фетр#201504071888.jpeg#300 мм#10#35.00
002984##Фоамиран Аквамарин#Фоамиран Аквамарин#Фоамиран. Лист размером 70*60 см. Из листа вырезают элемент, нагревают его, например, с помощью утюга и придают необходимую форму вручную или на специальном молде. При остывании фоамиран сохраняет свою форму. Таким образом можно изготовить различные цветы, а также украшения с цветами#Корень|Главная|Товары для творчества|Фоамиран и фетр#201504071888.jpeg#10 лист#10#850.00
002998##Фоамиран Алый#Фоамиран Алый#Фоамиран. Лист размером 70*60 см. Из листа вырезают элемент, нагревают его, например, с помощью утюга и придают необходимую форму вручную или на специальном молде. При остывании фоамиран сохраняет свою форму. Таким образом можно изготовить различные цветы, а также украшения с цветами#Корень|Главная|Товары для творчества|Фоамиран и фетр#foamiran_alyi.jpeg#1 лист#10#95.00
002998##Фоамиран Алый#Фоамиран Алый#Фоамиран. Лист размером 70*60 см. Из листа вырезают элемент, нагревают его, например, с помощью утюга и придают необходимую форму вручную или на специальном молде. При остывании фоамиран сохраняет свою форму. Таким образом можно изготовить различные цветы, а также украшения с цветами#Корень|Главная|Товары для творчества|Фоамиран и фетр#foamiran_alyi.jpeg#300 мм#10#35.00
002998##Фоамиран Алый#Фоамиран Алый#Фоамиран. Лист размером 70*60 см. Из листа вырезают элемент, нагревают его, например, с помощью утюга и придают необходимую форму вручную или на специальном молде. При остывании фоамиран сохраняет свою форму. Таким образом можно изготовить различные цветы, а также украшения с цветами#Корень|Главная|Товары для творчества|Фоамиран и фетр#foamiran_alyi.jpeg#10 лист#10#850.00
002966##Фоамиран Белый#Фоамиран Белый#Фоамиран. Лист размером 70*60 см. Из листа вырезают элемент, нагревают его, например, с помощью утюга и придают необходимую форму вручную или на специальном молде. При остывании фоамиран сохраняет свою форму. Таким образом можно изготовить различные цветы, а также украшения с цветами#Корень|Главная|Товары для творчества|Фоамиран и фетр#201504071232.jpeg#1 лист#10#95.00
002966##Фоамиран Белый#Фоамиран Белый#Фоамиран. Лист размером 70*60 см. Из листа вырезают элемент, нагревают его, например, с помощью утюга и придают необходимую форму вручную или на специальном молде. При остывании фоамиран сохраняет свою форму. Таким образом можно изготовить различные цветы, а также украшения с цветами#Корень|Главная|Товары для творчества|Фоамиран и фетр#201504071232.jpeg#300 мм#10#35.00
002966##Фоамиран Белый#Фоамиран Белый#Фоамиран. Лист размером 70*60 см. Из листа вырезают элемент, нагревают его, например, с помощью утюга и придают необходимую форму вручную или на специальном молде. При остывании фоамиран сохраняет свою форму. Таким образом можно изготовить различные цветы, а также украшения с цветами#Корень|Главная|Товары для творчества|Фоамиран и фетр#201504071232.jpeg#10 лист#10#850.00
002997##Фоамиран Бордовый#Фоамиран Бордовый#Фоамиран. Лист размером 70*60 см. Из листа вырезают элемент, нагревают его, например, с помощью утюга и придают необходимую форму вручную или на специальном молде. При остывании фоамиран сохраняет свою форму. Таким образом можно изготовить различные цветы, а также украшения с цветами#Корень|Главная|Товары для творчества|Фоамиран и фетр#201504071448.jpeg#1 лист#10#95.00
002997##Фоамиран Бордовый#Фоамиран Бордовый#Фоамиран. Лист размером 70*60 см. Из листа вырезают элемент, нагревают его, например, с помощью утюга и придают необходимую форму вручную или на специальном молде. При остывании фоамиран сохраняет свою форму. Таким образом можно изготовить различные цветы, а также украшения с цветами#Корень|Главная|Товары для творчества|Фоамиран и фетр#201504071448.jpeg#300 мм#10#35.00
002997##Фоамиран Бордовый#Фоамиран Бордовый#Фоамиран. Лист размером 70*60 см. Из листа вырезают элемент, нагревают его, например, с помощью утюга и придают необходимую форму вручную или на специальном молде. При остывании фоамиран сохраняет свою форму. Таким образом можно изготовить различные цветы, а также украшения с цветами#Корень|Главная|Товары для творчества|Фоамиран и фетр#201504071448.jpeg#10 лист#10#850.00
002988##Фоамиран Голубой#Фоамиран Голубой#Фоамиран. Лист размером 70*60 см. Из листа вырезают элемент, нагревают его, например, с помощью утюга и придают необходимую форму вручную или на специальном молде. При остывании фоамиран сохраняет свою форму. Таким образом можно изготовить различные цветы, а также украшения с цветами#Корень|Главная|Товары для творчества|Фоамиран и фетр#201504071447.jpeg#1 лист#10#95.00
002988##Фоамиран Голубой#Фоамиран Голубой#Фоамиран. Лист размером 70*60 см. Из листа вырезают элемент, нагревают его, например, с помощью утюга и придают необходимую форму вручную или на специальном молде. При остывании фоамиран сохраняет свою форму. Таким образом можно изготовить различные цветы, а также украшения с цветами#Корень|Главная|Товары для творчества|Фоамиран и фетр#201504071447.jpeg#30 мм#10#35.00
002988##Фоамиран Голубой#Фоамиран Голубой#Фоамиран. Лист размером 70*60 см. Из листа вырезают элемент, нагревают его, например, с помощью утюга и придают необходимую форму вручную или на специальном молде. При остывании фоамиран сохраняет свою форму. Таким образом можно изготовить различные цветы, а также украшения с цветами#Корень|Главная|Товары для творчества|Фоамиран и фетр#201504071447.jpeg#10 лист#10#850.00
002961##Фоамиран Горький шоколад#Фоамиран Горький шоколад#Фоамиран. Лист размером 70*60 см. Из листа вырезают элемент, нагревают его, например, с помощью утюга и придают необходимую форму вручную или на специальном молде. При остывании фоамиран сохраняет свою форму. Таким образом можно изготовить различные цветы, а также украшения с цветами#Корень|Главная|Товары для творчества|Фоамиран и фетр#201504071456.jpeg#1 лист#10#95.00
002961##Фоамиран Горький шоколад#Фоамиран Горький шоколад#Фоамиран. Лист размером 70*60 см. Из листа вырезают элемент, нагревают его, например, с помощью утюга и придают необходимую форму вручную или на специальном молде. При остывании фоамиран сохраняет свою форму. Таким образом можно изготовить различные цветы, а также украшения с цветами#Корень|Главная|Товары для творчества|Фоамиран и фетр#201504071456.jpeg#300 мм#10#35.00
002961##Фоамиран Горький шоколад#Фоамиран Горький шоколад#Фоамиран. Лист размером 70*60 см. Из листа вырезают элемент, нагревают его, например, с помощью утюга и придают необходимую форму вручную или на специальном молде. При остывании фоамиран сохраняет свою форму. Таким образом можно изготовить различные цветы, а также украшения с цветами#Корень|Главная|Товары для творчества|Фоамиран и фетр#201504071456.jpeg#10 лист#10#850.00
002972##Фоамиран Жёлтый#Фоамиран Жёлтый#Фоамиран. Лист размером 70*60 см. Из листа вырезают элемент, нагревают его, например, с помощью утюга и придают необходимую форму вручную или на специальном молде. При остывании фоамиран сохраняет свою форму. Таким образом можно изготовить различные цветы, а также украшения с цветами#Корень|Главная|Товары для творчества|Фоамиран и фетр#2015040716454.jpeg#1 лист#10#95.00
002972##Фоамиран Жёлтый#Фоамиран Жёлтый#Фоамиран. Лист размером 70*60 см. Из листа вырезают элемент, нагревают его, например, с помощью утюга и придают необходимую форму вручную или на специальном молде. При остывании фоамиран сохраняет свою форму. Таким образом можно изготовить различные цветы, а также украшения с цветами#Корень|Главная|Товары для творчества|Фоамиран и фетр#2015040716454.jpeg#300 мм#10#35.00
002972##Фоамиран Жёлтый#Фоамиран Жёлтый#Фоамиран. Лист размером 70*60 см. Из листа вырезают элемент, нагревают его, например, с помощью утюга и придают необходимую форму вручную или на специальном молде. При остывании фоамиран сохраняет свою форму. Таким образом можно изготовить различные цветы, а также украшения с цветами#Корень|Главная|Товары для творчества|Фоамиран и фетр#2015040716454.jpeg#10 лист#10#850.00
064015##Фоамиран Индиго#Фоамиран Индиго#Фоамиран. Лист размером 70*60 см. Из листа вырезают элемент, нагревают его, например, с помощью утюга и придают необходимую форму вручную или на специальном молде. При остывании фоамиран сохраняет свою форму. Таким образом можно изготовить различные цветы, а также украшения с цветами#Корень|Главная|Товары для творчества|Фоамиран и фетр#foamiran_indigo.jpeg#1 лист#10#95.00
064015##Фоамиран Индиго#Фоамиран Индиго#Фоамиран. Лист размером 70*60 см. Из листа вырезают элемент, нагревают его, например, с помощью утюга и придают необходимую форму вручную или на специальном молде. При остывании фоамиран сохраняет свою форму. Таким образом можно изготовить различные цветы, а также украшения с цветами#Корень|Главная|Товары для творчества|Фоамиран и фетр#foamiran_indigo.jpeg#300 мм#10#35.00
064015##Фоамиран Индиго#Фоамиран Индиго#Фоамиран. Лист размером 70*60 см. Из листа вырезают элемент, нагревают его, например, с помощью утюга и придают необходимую форму вручную или на специальном молде. При остывании фоамиран сохраняет свою форму. Таким образом можно изготовить различные цветы, а также украшения с цветами#Корень|Главная|Товары для творчества|Фоамиран и фетр#foamiran_indigo.jpeg#10 лист#10#850.00
003001##Фоамиран Коралл#Фоамиран Коралл#Фоамиран. Лист размером 70*60 см. Из листа вырезают элемент, нагревают его, например, с помощью утюга и придают необходимую форму вручную или на специальном молде. При остывании фоамиран сохраняет свою форму. Таким образом можно изготовить различные цветы, а также украшения с цветами#Корень|Главная|Товары для творчества|Фоамиран и фетр#201504071455.jpeg#1 лист#10#95.00
003001##Фоамиран Коралл#Фоамиран Коралл#Фоамиран. Лист размером 70*60 см. Из листа вырезают элемент, нагревают его, например, с помощью утюга и придают необходимую форму вручную или на специальном молде. При остывании фоамиран сохраняет свою форму. Таким образом можно изготовить различные цветы, а также украшения с цветами#Корень|Главная|Товары для творчества|Фоамиран и фетр#201504071455.jpeg#300 мм#10#35.00
003001##Фоамиран Коралл#Фоамиран Коралл#Фоамиран. Лист размером 70*60 см. Из листа вырезают элемент, нагревают его, например, с помощью утюга и придают необходимую форму вручную или на специальном молде. При остывании фоамиран сохраняет свою форму. Таким образом можно изготовить различные цветы, а также украшения с цветами#Корень|Главная|Товары для творчества|Фоамиран и фетр#201504071455.jpeg#10 лист#10#850.00
002893##Фоамиран Коричневый#Фоамиран Коричневый#Фоамиран. Лист размером 70*60 см. Из листа вырезают элемент, нагревают его, например, с помощью утюга и придают необходимую форму вручную или на специальном молде. При остывании фоамиран сохраняет свою форму. Таким образом можно изготовить различные цветы, а также украшения с цветами#Корень|Главная|Товары для творчества|Фоамиран и фетр#201504071427.jpeg#1 лист#10#95.00
002893##Фоамиран Коричневый#Фоамиран Коричневый#Фоамиран. Лист размером 70*60 см. Из листа вырезают элемент, нагревают его, например, с помощью утюга и придают необходимую форму вручную или на специальном молде. При остывании фоамиран сохраняет свою форму. Таким образом можно изготовить различные цветы, а также украшения с цветами#Корень|Главная|Товары для творчества|Фоамиран и фетр#201504071427.jpeg#300 мм#10#35.00
002893##Фоамиран Коричневый#Фоамиран Коричневый#Фоамиран. Лист размером 70*60 см. Из листа вырезают элемент, нагревают его, например, с помощью утюга и придают необходимую форму вручную или на специальном молде. При остывании фоамиран сохраняет свою форму. Таким образом можно изготовить различные цветы, а также украшения с цветами#Корень|Главная|Товары для творчества|Фоамиран и фетр#201504071427.jpeg#10 лист#10#850.00
064012##Фоамиран Красный#Фоамиран Красный#Фоамиран. Лист размером 70*60 см. Из листа вырезают элемент, нагревают его, например, с помощью утюга и придают необходимую форму вручную или на специальном молде. При остывании фоамиран сохраняет свою форму. Таким образом можно изготовить различные цветы, а также украшения с цветами#Корень|Главная|Товары для творчества|Фоамиран и фетр#foamiran_krasnyi.jpeg#1 лист#10#95.00
064012##Фоамиран Красный#Фоамиран Красный#Фоамиран. Лист размером 70*60 см. Из листа вырезают элемент, нагревают его, например, с помощью утюга и придают необходимую форму вручную или на специальном молде. При остывании фоамиран сохраняет свою форму. Таким образом можно изготовить различные цветы, а также украшения с цветами#Корень|Главная|Товары для творчества|Фоамиран и фетр#foamiran_krasnyi.jpeg#300 мм#10#35.00
064012##Фоамиран Красный#Фоамиран Красный#Фоамиран. Лист размером 70*60 см. Из листа вырезают элемент, нагревают его, например, с помощью утюга и придают необходимую форму вручную или на специальном молде. При остывании фоамиран сохраняет свою форму. Таким образом можно изготовить различные цветы, а также украшения с цветами#Корень|Главная|Товары для творчества|Фоамиран и фетр#foamiran_krasnyi.jpeg#10 лист#10#850.00
002994##Фоамиран Лаванда#Фоамиран Лаванда#Фоамиран. Лист размером 70*60 см. Из листа вырезают элемент, нагревают его, например, с помощью утюга и придают необходимую форму вручную или на специальном молде. При остывании фоамиран сохраняет свою форму. Таким образом можно изготовить различные цветы, а также украшения с цветами#Корень|Главная|Товары для творчества|Фоамиран и фетр#201504071118.jpeg#1 лист#10#95.00
002994##Фоамиран Лаванда#Фоамиран Лаванда#Фоамиран. Лист размером 70*60 см. Из листа вырезают элемент, нагревают его, например, с помощью утюга и придают необходимую форму вручную или на специальном молде. При остывании фоамиран сохраняет свою форму. Таким образом можно изготовить различные цветы, а также украшения с цветами#Корень|Главная|Товары для творчества|Фоамиран и фетр#201504071118.jpeg#300 мм#10#35.00
002994##Фоамиран Лаванда#Фоамиран Лаванда#Фоамиран. Лист размером 70*60 см. Из листа вырезают элемент, нагревают его, например, с помощью утюга и придают необходимую форму вручную или на специальном молде. При остывании фоамиран сохраняет свою форму. Таким образом можно изготовить различные цветы, а также украшения с цветами#Корень|Главная|Товары для творчества|Фоамиран и фетр#201504071118.jpeg#10 лист#10#850.00
002996##Фоамиран Лиловый#Фоамиран Лиловый#Фоамиран. Лист размером 70*60 см. Из листа вырезают элемент, нагревают его, например, с помощью утюга и придают необходимую форму вручную или на специальном молде. При остывании фоамиран сохраняет свою форму. Таким образом можно изготовить различные цветы, а также украшения с цветами#Корень|Главная|Товары для творчества|Фоамиран и фетр#201504071588.jpeg#1 лист#10#95.00
002996##Фоамиран Лиловый#Фоамиран Лиловый#Фоамиран. Лист размером 70*60 см. Из листа вырезают элемент, нагревают его, например, с помощью утюга и придают необходимую форму вручную или на специальном молде. При остывании фоамиран сохраняет свою форму. Таким образом можно изготовить различные цветы, а также украшения с цветами#Корень|Главная|Товары для творчества|Фоамиран и фетр#201504071588.jpeg#300 мм#10#35.00
002996##Фоамиран Лиловый#Фоамиран Лиловый#Фоамиран. Лист размером 70*60 см. Из листа вырезают элемент, нагревают его, например, с помощью утюга и придают необходимую форму вручную или на специальном молде. При остывании фоамиран сохраняет свою форму. Таким образом можно изготовить различные цветы, а также украшения с цветами#Корень|Главная|Товары для творчества|Фоамиран и фетр#201504071588.jpeg#10 лист#10#850.00
002978##Фоамиран Лимон#Фоамиран Лимон#Фоамиран. Лист размером 70*60 см. Из листа вырезают элемент, нагревают его, например, с помощью утюга и придают необходимую форму вручную или на специальном молде. При остывании фоамиран сохраняет свою форму. Таким образом можно изготовить различные цветы, а также украшения с цветами#Корень|Главная|Товары для творчества|Фоамиран и фетр#201504071414.jpeg#1 лист#10#95.00
002978##Фоамиран Лимон#Фоамиран Лимон#Фоамиран. Лист размером 70*60 см. Из листа вырезают элемент, нагревают его, например, с помощью утюга и придают необходимую форму вручную или на специальном молде. При остывании фоамиран сохраняет свою форму. Таким образом можно изготовить различные цветы, а также украшения с цветами#Корень|Главная|Товары для творчества|Фоамиран и фетр#201504071414.jpeg#300 мм#10#35.00
002978##Фоамиран Лимон#Фоамиран Лимон#Фоамиран. Лист размером 70*60 см. Из листа вырезают элемент, нагревают его, например, с помощью утюга и придают необходимую форму вручную или на специальном молде. При остывании фоамиран сохраняет свою форму. Таким образом можно изготовить различные цветы, а также украшения с цветами#Корень|Главная|Товары для творчества|Фоамиран и фетр#201504071414.jpeg#10 лист#10#850.00
002977##Фоамиран Медовый#Фоамиран Медовый#Фоамиран. Лист размером 70*60 см. Из листа вырезают элемент, нагревают его, например, с помощью утюга и придают необходимую форму вручную или на специальном молде. При остывании фоамиран сохраняет свою форму. Таким образом можно изготовить различные цветы, а также украшения с цветами#Корень|Главная|Товары для творчества|Фоамиран и фетр#201504071121.jpeg#1 лист#10#95.00
002977##Фоамиран Медовый#Фоамиран Медовый#Фоамиран. Лист размером 70*60 см. Из листа вырезают элемент, нагревают его, например, с помощью утюга и придают необходимую форму вручную или на специальном молде. При остывании фоамиран сохраняет свою форму. Таким образом можно изготовить различные цветы, а также украшения с цветами#Корень|Главная|Товары для творчества|Фоамиран и фетр#201504071121.jpeg#300 мм#10#35.00
002977##Фоамиран Медовый#Фоамиран Медовый#Фоамиран. Лист размером 70*60 см. Из листа вырезают элемент, нагревают его, например, с помощью утюга и придают необходимую форму вручную или на специальном молде. При остывании фоамиран сохраняет свою форму. Таким образом можно изготовить различные цветы, а также украшения с цветами#Корень|Главная|Товары для творчества|Фоамиран и фетр#201504071121.jpeg#10 лист#10#850.00
064014##Фоамиран Мокрый асфальт#Фоамиран Мокрый асфальт#Фоамиран. Лист размером 70*60 см. Из листа вырезают элемент, нагревают его, например, с помощью утюга и придают необходимую форму вручную или на специальном молде. При остывании фоамиран сохраняет свою форму. Таким образом можно изготовить различные цветы, а также украшения с цветами#Корень|Главная|Товары для творчества|Фоамиран и фетр#foamiran_mokryi_asfalt.jpeg#1 лист#10#95.00
064014##Фоамиран Мокрый асфальт#Фоамиран Мокрый асфальт#Фоамиран. Лист размером 70*60 см. Из листа вырезают элемент, нагревают его, например, с помощью утюга и придают необходимую форму вручную или на специальном молде. При остывании фоамиран сохраняет свою форму. Таким образом можно изготовить различные цветы, а также украшения с цветами#Корень|Главная|Товары для творчества|Фоамиран и фетр#foamiran_mokryi_asfalt.jpeg#300 мм#10#35.00
064014##Фоамиран Мокрый асфальт#Фоамиран Мокрый асфальт#Фоамиран. Лист размером 70*60 см. Из листа вырезают элемент, нагревают его, например, с помощью утюга и придают необходимую форму вручную или на специальном молде. При остывании фоамиран сохраняет свою форму. Таким образом можно изготовить различные цветы, а также украшения с цветами#Корень|Главная|Товары для творчества|Фоамиран и фетр#foamiran_mokryi_asfalt.jpeg#10 лист#10#850.00
064013##Фоамиран Морской зелёный#Фоамиран Морской зелёный#Фоамиран. Лист размером 70*60 см. Из листа вырезают элемент, нагревают его, например, с помощью утюга и придают необходимую форму вручную или на специальном молде. При остывании фоамиран сохраняет свою форму. Таким образом можно изготовить различные цветы, а также украшения с цветами#Корень|Главная|Товары для творчества|Фоамиран и фетр#foamiran_morskoy_zelenyi.jpeg#1 лист#10#95.00
064013##Фоамиран Морской зелёный#Фоамиран Морской зелёный#Фоамиран. Лист размером 70*60 см. Из листа вырезают элемент, нагревают его, например, с помощью утюга и придают необходимую форму вручную или на специальном молде. При остывании фоамиран сохраняет свою форму. Таким образом можно изготовить различные цветы, а также украшения с цветами#Корень|Главная|Товары для творчества|Фоамиран и фетр#foamiran_morskoy_zelenyi.jpeg#300 мм#10#35.00
064013##Фоамиран Морской зелёный#Фоамиран Морской зелёный#Фоамиран. Лист размером 70*60 см. Из листа вырезают элемент, нагревают его, например, с помощью утюга и придают необходимую форму вручную или на специальном молде. При остывании фоамиран сохраняет свою форму. Таким образом можно изготовить различные цветы, а также украшения с цветами#Корень|Главная|Товары для творчества|Фоамиран и фетр#foamiran_morskoy_zelenyi.jpeg#10 лист#10#850.00
002985##Фоамиран Мята#Фоамиран Мята#Фоамиран. Лист размером 70*60 см. Из листа вырезают элемент, нагревают его, например, с помощью утюга и придают необходимую форму вручную или на специальном молде. При остывании фоамиран сохраняет свою форму. Таким образом можно изготовить различные цветы, а также украшения с цветами#Корень|Главная|Товары для творчества|Фоамиран и фетр#201504071599.jpeg#1 лист#10#95.00
002985##Фоамиран Мята#Фоамиран Мята#Фоамиран. Лист размером 70*60 см. Из листа вырезают элемент, нагревают его, например, с помощью утюга и придают необходимую форму вручную или на специальном молде. При остывании фоамиран сохраняет свою форму. Таким образом можно изготовить различные цветы, а также украшения с цветами#Корень|Главная|Товары для творчества|Фоамиран и фетр#201504071599.jpeg#300 мм#10#35.00
002985##Фоамиран Мята#Фоамиран Мята#Фоамиран. Лист размером 70*60 см. Из листа вырезают элемент, нагревают его, например, с помощью утюга и придают необходимую форму вручную или на специальном молде. При остывании фоамиран сохраняет свою форму. Таким образом можно изготовить различные цветы, а также украшения с цветами#Корень|Главная|Товары для творчества|Фоамиран и фетр#201504071599.jpeg#10 лист#10#850.00
002963##Фоамиран Оливка#Фоамиран Оливка#Фоамиран. Лист размером 70*60 см. Из листа вырезают элемент, нагревают его, например, с помощью утюга и придают необходимую форму вручную или на специальном молде. При остывании фоамиран сохраняет свою форму. Таким образом можно изготовить различные цветы, а также украшения с цветами#Корень|Главная|Товары для творчества|Фоамиран и фетр#201504071666.jpeg#1 лист#10#95.00
002963##Фоамиран Оливка#Фоамиран Оливка#Фоамиран. Лист размером 70*60 см. Из листа вырезают элемент, нагревают его, например, с помощью утюга и придают необходимую форму вручную или на специальном молде. При остывании фоамиран сохраняет свою форму. Таким образом можно изготовить различные цветы, а также украшения с цветами#Корень|Главная|Товары для творчества|Фоамиран и фетр#201504071666.jpeg#300 мм#10#35.00
002963##Фоамиран Оливка#Фоамиран Оливка#Фоамиран. Лист размером 70*60 см. Из листа вырезают элемент, нагревают его, например, с помощью утюга и придают необходимую форму вручную или на специальном молде. При остывании фоамиран сохраняет свою форму. Таким образом можно изготовить различные цветы, а также украшения с цветами#Корень|Главная|Товары для творчества|Фоамиран и фетр#201504071666.jpeg#10 лист#10#850.00
002964##Фоамиран Оранжевый#Фоамиран Оранжевый#Фоамиран. Лист размером 70*60 см. Из листа вырезают элемент, нагревают его, например, с помощью утюга и придают необходимую форму вручную или на специальном молде. При остывании фоамиран сохраняет свою форму. Таким образом можно изготовить различные цветы, а также украшения с цветами#Корень|Главная|Товары для творчества|Фоамиран и фетр#201504071787.jpeg#1 лист#10#95.00
002964##Фоамиран Оранжевый#Фоамиран Оранжевый#Фоамиран. Лист размером 70*60 см. Из листа вырезают элемент, нагревают его, например, с помощью утюга и придают необходимую форму вручную или на специальном молде. При остывании фоамиран сохраняет свою форму. Таким образом можно изготовить различные цветы, а также украшения с цветами#Корень|Главная|Товары для творчества|Фоамиран и фетр#201504071787.jpeg#300 мм#10#35.00
002964##Фоамиран Оранжевый#Фоамиран Оранжевый#Фоамиран. Лист размером 70*60 см. Из листа вырезают элемент, нагревают его, например, с помощью утюга и придают необходимую форму вручную или на специальном молде. При остывании фоамиран сохраняет свою форму. Таким образом можно изготовить различные цветы, а также украшения с цветами#Корень|Главная|Товары для творчества|Фоамиран и фетр#201504071787.jpeg#10 лист#10#850.00
003002##Фоамиран Персик#Фоамиран Персик#Фоамиран. Лист размером 70*60 см. Из листа вырезают элемент, нагревают его, например, с помощью утюга и придают необходимую форму вручную или на специальном молде. При остывании фоамиран сохраняет свою форму. Таким образом можно изготовить различные цветы, а также украшения с цветами#Корень|Главная|Товары для творчества|Фоамиран и фетр#201504071777.jpeg#1 лист#10#95.00
003002##Фоамиран Персик#Фоамиран Персик#Фоамиран. Лист размером 70*60 см. Из листа вырезают элемент, нагревают его, например, с помощью утюга и придают необходимую форму вручную или на специальном молде. При остывании фоамиран сохраняет свою форму. Таким образом можно изготовить различные цветы, а также украшения с цветами#Корень|Главная|Товары для творчества|Фоамиран и фетр#201504071777.jpeg#300 мм#10#35.00
003002##Фоамиран Персик#Фоамиран Персик#Фоамиран. Лист размером 70*60 см. Из листа вырезают элемент, нагревают его, например, с помощью утюга и придают необходимую форму вручную или на специальном молде. При остывании фоамиран сохраняет свою форму. Таким образом можно изготовить различные цветы, а также украшения с цветами#Корень|Главная|Товары для творчества|Фоамиран и фетр#201504071777.jpeg#10 лист#10#850.00
002999##Фоамиран Розовый#Фоамиран Розовый#Фоамиран. Лист размером 70*60 см. Из листа вырезают элемент, нагревают его, например, с помощью утюга и придают необходимую форму вручную или на специальном молде. При остывании фоамиран сохраняет свою форму. Таким образом можно изготовить различные цветы, а также украшения с цветами#Корень|Главная|Товары для творчества|Фоамиран и фетр#201504071891.jpeg#1 лист#10#95.00
002999##Фоамиран Розовый#Фоамиран Розовый#Фоамиран. Лист размером 70*60 см. Из листа вырезают элемент, нагревают его, например, с помощью утюга и придают необходимую форму вручную или на специальном молде. При остывании фоамиран сохраняет свою форму. Таким образом можно изготовить различные цветы, а также украшения с цветами#Корень|Главная|Товары для творчества|Фоамиран и фетр#201504071891.jpeg#300 мм#10#35.00
002999##Фоамиран Розовый#Фоамиран Розовый#Фоамиран. Лист размером 70*60 см. Из листа вырезают элемент, нагревают его, например, с помощью утюга и придают необходимую форму вручную или на специальном молде. При остывании фоамиран сохраняет свою форму. Таким образом можно изготовить различные цветы, а также украшения с цветами#Корень|Главная|Товары для творчества|Фоамиран и фетр#201504071891.jpeg#10 лист#10#850.00
003000##Фоамиран Светло-розовый#Фоамиран Светло-розовый#Фоамиран. Лист размером 70*60 см. Из листа вырезают элемент, нагревают его, например, с помощью утюга и придают необходимую форму вручную или на специальном молде. При остывании фоамиран сохраняет свою форму. Таким образом можно изготовить различные цветы, а также украшения с цветами#Корень|Главная|Товары для творчества|Фоамиран и фетр#201504071892.jpeg#1 лист#10#95.00
003000##Фоамиран Светло-розовый#Фоамиран Светло-розовый#Фоамиран. Лист размером 70*60 см. Из листа вырезают элемент, нагревают его, например, с помощью утюга и придают необходимую форму вручную или на специальном молде. При остывании фоамиран сохраняет свою форму. Таким образом можно изготовить различные цветы, а также украшения с цветами#Корень|Главная|Товары для творчества|Фоамиран и фетр#201504071892.jpeg#300 мм#10#35.00
003000##Фоамиран Светло-розовый#Фоамиран Светло-розовый#Фоамиран. Лист размером 70*60 см. Из листа вырезают элемент, нагревают его, например, с помощью утюга и придают необходимую форму вручную или на специальном молде. При остывании фоамиран сохраняет свою форму. Таким образом можно изготовить различные цветы, а также украшения с цветами#Корень|Главная|Товары для творчества|Фоамиран и фетр#201504071892.jpeg#10 лист#10#850.00
002979##Фоамиран Серый#Фоамиран Серый#Фоамиран. Лист размером 70*60 см. Из листа вырезают элемент, нагревают его, например, с помощью утюга и придают необходимую форму вручную или на специальном молде. При остывании фоамиран сохраняет свою форму. Таким образом можно изготовить различные цветы, а также украшения с цветами#Корень|Главная|Товары для творчества|Фоамиран и фетр#201504071462.jpeg#1 лист#10#95.00
002979##Фоамиран Серый#Фоамиран Серый#Фоамиран. Лист размером 70*60 см. Из листа вырезают элемент, нагревают его, например, с помощью утюга и придают необходимую форму вручную или на специальном молде. При остывании фоамиран сохраняет свою форму. Таким образом можно изготовить различные цветы, а также украшения с цветами#Корень|Главная|Товары для творчества|Фоамиран и фетр#201504071462.jpeg#300 мм#10#35.00
002979##Фоамиран Серый#Фоамиран Серый#Фоамиран. Лист размером 70*60 см. Из листа вырезают элемент, нагревают его, например, с помощью утюга и придают необходимую форму вручную или на специальном молде. При остывании фоамиран сохраняет свою форму. Таким образом можно изготовить различные цветы, а также украшения с цветами#Корень|Главная|Товары для творчества|Фоамиран и фетр#201504071462.jpeg#10 лист#10#850.00
064011##Фоамиран Синий#Фоамиран Синий#Фоамиран. Лист размером 70*60 см. Из листа вырезают элемент, нагревают его, например, с помощью утюга и придают необходимую форму вручную или на специальном молде. При остывании фоамиран сохраняет свою форму. Таким образом можно изготовить различные цветы, а также украшения с цветами#Корень|Главная|Товары для творчества|Фоамиран и фетр#foamiran_siniy.jpeg#1 лист#10#95.00
064011##Фоамиран Синий#Фоамиран Синий#Фоамиран. Лист размером 70*60 см. Из листа вырезают элемент, нагревают его, например, с помощью утюга и придают необходимую форму вручную или на специальном молде. При остывании фоамиран сохраняет свою форму. Таким образом можно изготовить различные цветы, а также украшения с цветами#Корень|Главная|Товары для творчества|Фоамиран и фетр#foamiran_siniy.jpeg#300 мм#10#35.00
064011##Фоамиран Синий#Фоамиран Синий#Фоамиран. Лист размером 70*60 см. Из листа вырезают элемент, нагревают его, например, с помощью утюга и придают необходимую форму вручную или на специальном молде. При остывании фоамиран сохраняет свою форму. Таким образом можно изготовить различные цветы, а также украшения с цветами#Корень|Главная|Товары для творчества|Фоамиран и фетр#foamiran_siniy.jpeg#10 лист#10#850.00
002990##Фоамиран Тёмно-голубой#Фоамиран Тёмно-голубой#Фоамиран. Лист размером 70*60 см. Из листа вырезают элемент, нагревают его, например, с помощью утюга и придают необходимую форму вручную или на специальном молде. При остывании фоамиран сохраняет свою форму. Таким образом можно изготовить различные цветы, а также украшения с цветами#Корень|Главная|Товары для творчества|Фоамиран и фетр#201504071446.jpeg#1 лист#10#95.00
002990##Фоамиран Тёмно-голубой#Фоамиран Тёмно-голубой#Фоамиран. Лист размером 70*60 см. Из листа вырезают элемент, нагревают его, например, с помощью утюга и придают необходимую форму вручную или на специальном молде. При остывании фоамиран сохраняет свою форму. Таким образом можно изготовить различные цветы, а также украшения с цветами#Корень|Главная|Товары для творчества|Фоамиран и фетр#201504071446.jpeg#300 мм#10#35.00
002990##Фоамиран Тёмно-голубой#Фоамиран Тёмно-голубой#Фоамиран. Лист размером 70*60 см. Из листа вырезают элемент, нагревают его, например, с помощью утюга и придают необходимую форму вручную или на специальном молде. При остывании фоамиран сохраняет свою форму. Таким образом можно изготовить различные цветы, а также украшения с цветами#Корень|Главная|Товары для творчества|Фоамиран и фетр#201504071446.jpeg#10 лист#10#850.00
002981##Фоамиран Тёмно-зелёный#Фоамиран Тёмно-зелёный#Фоамиран. Лист размером 70*60 см. Из листа вырезают элемент, нагревают его, например, с помощью утюга и придают необходимую форму вручную или на специальном молде. При остывании фоамиран сохраняет свою форму. Таким образом можно изготовить различные цветы, а также украшения с цветами#Корень|Главная|Товары для творчества|Фоамиран и фетр#201504071999.jpeg#1 лист#10#95.00
002981##Фоамиран Тёмно-зелёный#Фоамиран Тёмно-зелёный#Фоамиран. Лист размером 70*60 см. Из листа вырезают элемент, нагревают его, например, с помощью утюга и придают необходимую форму вручную или на специальном молде. При остывании фоамиран сохраняет свою форму. Таким образом можно изготовить различные цветы, а также украшения с цветами#Корень|Главная|Товары для творчества|Фоамиран и фетр#201504071999.jpeg#300 мм#10#35.00
002981##Фоамиран Тёмно-зелёный#Фоамиран Тёмно-зелёный#Фоамиран. Лист размером 70*60 см. Из листа вырезают элемент, нагревают его, например, с помощью утюга и придают необходимую форму вручную или на специальном молде. При остывании фоамиран сохраняет свою форму. Таким образом можно изготовить различные цветы, а также украшения с цветами#Корень|Главная|Товары для творчества|Фоамиран и фетр#201504071999.jpeg#10 лист#10#850.00
002995##Фоамиран Фиолетовый#Фоамиран Фиолетовый#Фоамиран. Лист размером 70*60 см. Из листа вырезают элемент, нагревают его, например, с помощью утюга и придают необходимую форму вручную или на специальном молде. При остывании фоамиран сохраняет свою форму. Таким образом можно изготовить различные цветы, а также украшения с цветами#Корень|Главная|Товары для творчества|Фоамиран и фетр#201504071555.jpeg#1 лист#10#95.00
002995##Фоамиран Фиолетовый#Фоамиран Фиолетовый#Фоамиран. Лист размером 70*60 см. Из листа вырезают элемент, нагревают его, например, с помощью утюга и придают необходимую форму вручную или на специальном молде. При остывании фоамиран сохраняет свою форму. Таким образом можно изготовить различные цветы, а также украшения с цветами#Корень|Главная|Товары для творчества|Фоамиран и фетр#201504071555.jpeg#300 мм#10#35.00
002995##Фоамиран Фиолетовый#Фоамиран Фиолетовый#Фоамиран. Лист размером 70*60 см. Из листа вырезают элемент, нагревают его, например, с помощью утюга и придают необходимую форму вручную или на специальном молде. При остывании фоамиран сохраняет свою форму. Таким образом можно изготовить различные цветы, а также украшения с цветами#Корень|Главная|Товары для творчества|Фоамиран и фетр#201504071555.jpeg#10 лист#10#850.00
002894##Фоамиран Черный#Фоамиран Черный#Фоамиран. Лист размером 70*60 см. Из листа вырезают элемент, нагревают его, например, с помощью утюга и придают необходимую форму вручную или на специальном молде. При остывании фоамиран сохраняет свою форму. Таким образом можно изготовить различные цветы, а также украшения с цветами#Корень|Главная|Товары для творчества|Фоамиран и фетр#201504071428.jpeg#1 лист#10#110.00
002894##Фоамиран Черный#Фоамиран Черный#Фоамиран. Лист размером 70*60 см. Из листа вырезают элемент, нагревают его, например, с помощью утюга и придают необходимую форму вручную или на специальном молде. При остывании фоамиран сохраняет свою форму. Таким образом можно изготовить различные цветы, а также украшения с цветами#Корень|Главная|Товары для творчества|Фоамиран и фетр#201504071428.jpeg#300 мм#10#35.00
002894##Фоамиран Черный#Фоамиран Черный#Фоамиран. Лист размером 70*60 см. Из листа вырезают элемент, нагревают его, например, с помощью утюга и придают необходимую форму вручную или на специальном молде. При остывании фоамиран сохраняет свою форму. Таким образом можно изготовить различные цветы, а также украшения с цветами#Корень|Главная|Товары для творчества|Фоамиран и фетр#201504071428.jpeg#10 лист#10#850.00
002968##Фоамиран Шампань#Фоамиран Шампань#Фоамиран. Лист размером 70*60 см. Из листа вырезают элемент, нагревают его, например, с помощью утюга и придают необходимую форму вручную или на специальном молде. При остывании фоамиран сохраняет свою форму. Таким образом можно изготовить различные цветы, а также украшения с цветами#Корень|Главная|Товары для творчества|Фоамиран и фетр#201504071657.jpeg#1 лист#10#95.00
002968##Фоамиран Шампань#Фоамиран Шампань#Фоамиран. Лист размером 70*60 см. Из листа вырезают элемент, нагревают его, например, с помощью утюга и придают необходимую форму вручную или на специальном молде. При остывании фоамиран сохраняет свою форму. Таким образом можно изготовить различные цветы, а также украшения с цветами#Корень|Главная|Товары для творчества|Фоамиран и фетр#201504071657.jpeg#300 мм#10#35.00
002968##Фоамиран Шампань#Фоамиран Шампань#Фоамиран. Лист размером 70*60 см. Из листа вырезают элемент, нагревают его, например, с помощью утюга и придают необходимую форму вручную или на специальном молде. При остывании фоамиран сохраняет свою форму. Таким образом можно изготовить различные цветы, а также украшения с цветами#Корень|Главная|Товары для творчества|Фоамиран и фетр#201504071657.jpeg#10 лист#10#850.00
002983##Фоамиран Ярко-зелёный#Фоамиран Ярко-зелёный#Фоамиран. Лист размером 70*60 см. Из листа вырезают элемент, нагревают его, например, с помощью утюга и придают необходимую форму вручную или на специальном молде. При остывании фоамиран сохраняет свою форму. Таким образом можно изготовить различные цветы, а также украшения с цветами#Корень|Главная|Товары для творчества|Фоамиран и фетр#201504071898.jpeg#1 лист#10#95.00
002983##Фоамиран Ярко-зелёный#Фоамиран Ярко-зелёный#Фоамиран. Лист размером 70*60 см. Из листа вырезают элемент, нагревают его, например, с помощью утюга и придают необходимую форму вручную или на специальном молде. При остывании фоамиран сохраняет свою форму. Таким образом можно изготовить различные цветы, а также украшения с цветами#Корень|Главная|Товары для творчества|Фоамиран и фетр#201504071898.jpeg#300 мм#10#35.00
002983##Фоамиран Ярко-зелёный#Фоамиран Ярко-зелёный#Фоамиран. Лист размером 70*60 см. Из листа вырезают элемент, нагревают его, например, с помощью утюга и придают необходимую форму вручную или на специальном молде. При остывании фоамиран сохраняет свою форму. Таким образом можно изготовить различные цветы, а также украшения с цветами#Корень|Главная|Товары для творчества|Фоамиран и фетр#201504071898.jpeg#10 лист#10#850.00
